"STATION","DATE","PRCP","TAVG","TMAX","TMIN","TSUN"
"USW00094728","2013-02-02","0.02",,"29","19",
"USW00094728","2013-02-03","0.02",,"30","24",
"USW00094728","2013-02-04","0.00",,"30","23",
"USW00094728","2013-02-05","0.02",,"32","28",
"USW00094728","2013-02-06","0.00",,"39","29",
"USW00094728","2013-02-07","0.00",,"32","26",
"USW00094728","2013-02-08","1.15",,"34","27",
"USW00094728","2013-02-09","0.38",,"32","21",
"USW00094728","2013-02-10","0.00",,"36","18",
"USW00094728","2013-02-11","0.49",,"45","34",
"USW00094728","2013-02-12","0.00",,"44","36",
"USW00094728","2013-02-13","0.03",,"44","33",
"USW00094728","2013-02-14","0.00",,"46","33",
"USW00094728","2013-02-15","0.00",,"55","37",
"USW00094728","2013-02-16","0.02",,"41","31",
"USW00094728","2013-02-17","0.00",,"32","18",
"USW00094728","2013-02-18","0.00",,"35","17",
"USW00094728","2013-02-19","0.15",,"49","33",
"USW00094728","2013-02-20","0.00",,"38","25",
"USW00094728","2013-02-21","0.00",,"34","24",
"USW00094728","2013-02-22","0.00",,"38","25",
"USW00094728","2013-02-23","0.26",,"42","36",
"USW00094728","2013-02-24","0.01",,"47","34",
"USW00094728","2013-02-25","0.00",,"45","32",
"USW00094728","2013-02-26","0.14",,"44","35",
"USW00094728","2013-02-27","1.56",,"47","36",
"USW00094728","2013-02-28","0.00",,"51","39",
"USW00094728","2013-03-01","0.00",,"45","36",
"USW00094728","2013-03-02","0.00",,"40","31",
"USW00094728","2013-03-03","0.00",,"40","29",
"USW00094728","2013-03-04","0.00",,"42","27",
"USW00094728","2013-03-05","0.00",,"49","31",
"USW00094728","2013-03-06","0.00",,"42","38",
"USW00094728","2013-03-07","0.19",,"38","33",
"USW00094728","2013-03-08","0.54",,"42","31",
"USW00094728","2013-03-09","0.00",,"55","35",
"USW00094728","2013-03-10","0.00",,"50","36",
"USW00094728","2013-03-11","0.00",,"54","40",
"USW00094728","2013-03-12","0.79",,"57","43",
"USW00094728","2013-03-13","0.00",,"52","38",
"USW00094728","2013-03-14","0.00",,"41","29",
"USW00094728","2013-03-15","0.00",,"47","30",
"USW00094728","2013-03-16","0.12",,"41","32",
"USW00094728","2013-03-17","0.00",,"38","29",
"USW00094728","2013-03-18","0.65",,"35","28",
"USW00094728","2013-03-19","0.36",,"43","33",
"USW00094728","2013-03-20","0.00",,"45","32",
"USW00094728","2013-03-21","0.00",,"40","30",
"USW00094728","2013-03-22","0.00",,"41","28",
"USW00094728","2013-03-23","0.00",,"46","32",
"USW00094728","2013-03-24","0.00",,"47","33",
"USW00094728","2013-03-25","0.17",,"40","36",
"USW00094728","2013-03-26","0.00",,"53","37",
"USW00094728","2013-03-27","0.00",,"53","36",
"USW00094728","2013-03-28","0.00",,"51","37",
"USW00094728","2013-03-29","0.00",,"55","40",
"USW00094728","2013-03-30","0.00",,"59","40",
"USW00094728","2013-03-31","0.08",,"54","44",
"USW00094728","2013-04-01","0.00",,"62","37",
"USW00094728","2013-04-02","0.00",,"43","33",
"USW00094728","2013-04-03","0.00",,"46","33",
"USW00094728","2013-04-04","0.00",,"53","33",
"USW00094728","2013-04-05","0.00",,"64","41",
"USW00094728","2013-04-06","0.00",,"52","35",
"USW00094728","2013-04-07","0.00",,"55","40",
"USW00094728","2013-04-08","0.00",,"73","51",
"USW00094728","2013-04-09","0.00",,"82","51",
"USW00094728","2013-04-10","0.49",,"74","55",
"USW00094728","2013-04-11","0.00",,"60","47",
"USW00094728","2013-04-12","0.63",,"47","41",
"USW00094728","2013-04-13","0.01",,"58","41",
"USW00094728","2013-04-14","0.00",,"57","46",
"USW00094728","2013-04-15","0.00",,"59","44",
"USW00094728","2013-04-16","0.00",,"63","47",
"USW00094728","2013-04-17","0.02",,"71","55",
"USW00094728","2013-04-18","0.01",,"59","51",
"USW00094728","2013-04-19","0.05",,"71","55",
"USW00094728","2013-04-20","0.06",,"60","43",
"USW00094728","2013-04-21","0.00",,"55","37",
"USW00094728","2013-04-22","0.00",,"55","41",
"USW00094728","2013-04-23","0.00",,"53","41",
"USW00094728","2013-04-24","0.00",,"69","44",
"USW00094728","2013-04-25","0.00",,"66","46",
"USW00094728","2013-04-26","0.00",,"67","50",
"USW00094728","2013-04-27","0.00",,"71","48",
"USW00094728","2013-04-28","0.00",,"69","51",
"USW00094728","2013-04-29","0.04",,"57","52",
"USW00094728","2013-04-30","0.00",,"68","51",
"USW00094728","2013-05-01","0.00",,"69","47",
"USW00094728","2013-05-02","0.00",,"72","49",
"USW00094728","2013-05-03","0.00",,"66","49",
"USW00094728","2013-05-04","0.00",,"69","48",
"USW00094728","2013-05-05","0.00",,"64","46",
"USW00094728","2013-05-06","0.00",,"69","46",
"USW00094728","2013-05-07","0.00",,"74","52",
"USW00094728","2013-05-08","3.02",,"63","55",
"USW00094728","2013-05-09","0.50",,"68","54",
"USW00094728","2013-05-10","0.01",,"79","59",
"USW00094728","2013-05-11","1.09",,"70","61",
"USW00094728","2013-05-12","0.00",,"70","51",
"USW00094728","2013-05-13","0.00",,"58","45",
"USW00094728","2013-05-14","0.00",,"61","42",
"USW00094728","2013-05-15","0.00",,"69","52",
"USW00094728","2013-05-16","0.00",,"79","62",
"USW00094728","2013-05-17","0.00",,"72","58",
"USW00094728","2013-05-18","0.01",,"65","56",
"USW00094728","2013-05-19","0.60",,"59","55",
"USW00094728","2013-05-20","0.00",,"79","58",
"USW00094728","2013-05-21","0.00",,"86","68",
"USW00094728","2013-05-22","0.00",,"78","59",
"USW00094728","2013-05-23","1.81",,"80","64",
"USW00094728","2013-05-24","0.30",,"65","45",
"USW00094728","2013-05-25","0.14",,"54","45",
"USW00094728","2013-05-26","0.00",,"66","48",
"USW00094728","2013-05-27","0.00",,"73","51",
"USW00094728","2013-05-28","0.52",,"68","56",
"USW00094728","2013-05-29","0.00",,"82","58",
"USW00094728","2013-05-30","0.00",,"90","72",
"USW00094728","2013-05-31","0.00",,"90","75",
"USW00094728","2013-06-01","0.00",,"90","73",
"USW00094728","2013-06-02","0.85",,"88","69",
"USW00094728","2013-06-03","0.87",,"78","66",
"USW00094728","2013-06-04","0.00",,"75","57",
"USW00094728","2013-06-05","0.00",,"74","58",
"USW00094728","2013-06-06","0.13",,"70","59",
"USW00094728","2013-06-07","4.16",,"63","59",
"USW00094728","2013-06-08","0.48",,"77","57",
"USW00094728","2013-06-09","0.00",,"80","63",
"USW00094728","2013-06-10","1.38",,"70","62",
"USW00094728","2013-06-11","0.09",,"80","64",
"USW00094728","2013-06-12","0.00",,"76","65",
"USW00094728","2013-06-13","1.26",,"69","55",
"USW00094728","2013-06-14","0.38",,"72","53",
"USW00094728","2013-06-15","0.00",,"80","61",
"USW00094728","2013-06-16","0.00",,"80","65",
"USW00094728","2013-06-17","0.01",,"84","69",
"USW00094728","2013-06-18","0.20",,"84","64",
"USW00094728","2013-06-19","0.00",,"77","59",
"USW00094728","2013-06-20","0.00",,"80","62",
"USW00094728","2013-06-21","0.00",,"82","64",
"USW00094728","2013-06-22","0.00",,"84","65",
"USW00094728","2013-06-23","0.00",,"88","70",
"USW00094728","2013-06-24","0.00",,"92","74",
"USW00094728","2013-06-25","0.00",,"91","73",
"USW00094728","2013-06-26","0.05",,"85","74",
"USW00094728","2013-06-27","0.24",,"86","73",
"USW00094728","2013-06-28","0.00",,"85","73",
"USW00094728","2013-06-29","0.00",,"83","71",
"USW00094728","2013-06-30","0.00",,"86","73",
"USW00094728","2013-07-01","0.84",,"77","72",
"USW00094728","2013-07-02","0.08",,"82","72",
"USW00094728","2013-07-03","0.53",,"83","73",
"USW00094728","2013-07-04","0.00",,"87","75",
"USW00094728","2013-07-05","0.00",,"90","76",
"USW00094728","2013-07-06","0.00",,"92","78",
"USW00094728","2013-07-07","0.00",,"92","78",
"USW00094728","2013-07-08","0.22",,"89","73",
"USW00094728","2013-07-09","0.23",,"88","74",
"USW00094728","2013-07-10","0.00",,"85","75",
"USW00094728","2013-07-11","0.00",,"84","76",
"USW00094728","2013-07-12","0.25",,"77","68",
"USW00094728","2013-07-13","0.06",,"81","67",
"USW00094728","2013-07-14","0.00",,"90","74",
"USW00094728","2013-07-15","0.00",,"94","78",
"USW00094728","2013-07-16","0.00",,"94","77",
"USW00094728","2013-07-17","0.00",,"97","79",
"USW00094728","2013-07-18","0.00",,"98","81",
"USW00094728","2013-07-19","0.00",,"96","83",
"USW00094728","2013-07-20","0.00",,"93","81",
"USW00094728","2013-07-21","0.00",,"89","76",
"USW00094728","2013-07-22","0.06",,"86","75",
"USW00094728","2013-07-23","0.31",,"87","73",
"USW00094728","2013-07-24","0.00",,"83","68",
"USW00094728","2013-07-25","0.01",,"68","64",
"USW00094728","2013-07-26","0.00",,"83","65",
"USW00094728","2013-07-27","0.00",,"82","70",
"USW00094728","2013-07-28","0.24",,"78","70",
"USW00094728","2013-07-29","0.01",,"85","69",
"USW00094728","2013-07-30","0.00",,"83","67",
"USW00094728","2013-07-31","0.00",,"83","67",
"USW00094728","2013-08-01","0.65",,"76","66",
"USW00094728","2013-08-02","0.00",,"83","67",
"USW00094728","2013-08-03","0.06",,"78","68",
"USW00094728","2013-08-04","0.00",,"80","66",
"USW00094728","2013-08-05","0.00",,"78","62",
"USW00094728","2013-08-06","0.00",,"82","64",
"USW00094728","2013-08-07","0.00",,"80","70",
"USW00094728","2013-08-08","0.46",,"81","70",
"USW00094728","2013-08-09","0.05",,"85","74",
"USW00094728","2013-08-10","0.00",,"83","70",
"USW00094728","2013-08-11","0.00",,"81","65",
"USW00094728","2013-08-12","0.05",,"82","70",
"USW00094728","2013-08-13","0.85",,"77","68",
"USW00094728","2013-08-14","0.00",,"74","61",
"USW00094728","2013-08-15","0.00",,"78","59",
"USW00094728","2013-08-16","0.00",,"82","64",
"USW00094728","2013-08-17","0.00",,"84","64",
"USW00094728","2013-08-18","0.00",,"76","68",
"USW00094728","2013-08-19","0.00",,"79","66",
"USW00094728","2013-08-20","0.00",,"88","68",
"USW00094728","2013-08-21","0.00",,"90","72",
"USW00094728","2013-08-22","0.25",,"78","71",
"USW00094728","2013-08-23","0.00",,"82","71",
"USW00094728","2013-08-24","0.00",,"80","65",
"USW00094728","2013-08-25","0.00",,"83","64",
"USW00094728","2013-08-26","0.04",,"84","68",
"USW00094728","2013-08-27","0.01",,"87","71",
"USW00094728","2013-08-28","0.43",,"86","71",
"USW00094728","2013-08-29","0.00",,"80","71",
"USW00094728","2013-08-30","0.00",,"85","70",
"USW00094728","2013-08-31","0.00",,"86","73",
"USW00094728","2013-09-01","0.00",,"84","75",
"USW00094728","2013-09-02","0.05",,"82","74",
"USW00094728","2013-09-03","0.03",,"82","68",
"USW00094728","2013-09-04","0.00",,"82","65",
"USW00094728","2013-09-05","0.00",,"80","64",
"USW00094728","2013-09-06","0.00",,"72","57",
"USW00094728","2013-09-07","0.00",,"80","59",
"USW00094728","2013-09-08","0.00",,"83","64",
"USW00094728","2013-09-09","0.00",,"73","57",
"USW00094728","2013-09-10","0.01",,"87","68",
"USW00094728","2013-09-11","0.00",,"96","77",
"USW00094728","2013-09-12","1.60",,"87","70",
"USW00094728","2013-09-13","0.06",,"77","59",
"USW00094728","2013-09-14","0.00",,"67","54",
"USW00094728","2013-09-15","0.00",,"73","51",
"USW00094728","2013-09-16","0.03",,"73","56",
"USW00094728","2013-09-17","0.00",,"65","50",
"USW00094728","2013-09-18","0.00",,"72","51",
"USW00094728","2013-09-19","0.00",,"78","55",
"USW00094728","2013-09-20","0.00",,"79","60",
"USW00094728","2013-09-21","0.72",,"77","61",
"USW00094728","2013-09-22","0.45",,"69","54",
"USW00094728","2013-09-23","0.00",,"66","50",
"USW00094728","2013-09-24","0.00",,"73","47",
"USW00094728","2013-09-25","0.00",,"73","52",
"USW00094728","2013-09-26","0.00",,"71","58",
"USW00094728","2013-09-27","0.00",,"69","57",
"USW00094728","2013-09-28","0.00",,"73","56",
"USW00094728","2013-09-29","0.00",,"72","57",
"USW00094728","2013-09-30","0.00",,"75","56",
"USW00094728","2013-10-01","0.00",,"82","59",
"USW00094728","2013-10-02","0.00",,"83","64",
"USW00094728","2013-10-03","0.00",,"78","63",
"USW00094728","2013-10-04","0.00",,"86","66",
"USW00094728","2013-10-05","0.00",,"76","64",
"USW00094728","2013-10-06","0.00",,"70","65",
"USW00094728","2013-10-07","0.25",,"76","60",
"USW00094728","2013-10-08","0.00",,"67","54",
"USW00094728","2013-10-09","0.00",,"62","53",
"USW00094728","2013-10-10","0.00",,"65","54",
"USW00094728","2013-10-11","0.02",,"68","60",
"USW00094728","2013-10-12","0.00",,"72","60",
"USW00094728","2013-10-13","0.00",,"65","56",
"USW00094728","2013-10-14","0.00",,"66","52",
"USW00094728","2013-10-15","0.00",,"72","53",
"USW00094728","2013-10-16","0.00",,"67","56",
"USW00094728","2013-10-17","0.02",,"73","61",
"USW00094728","2013-10-18","0.00",,"68","55",
"USW00094728","2013-10-19","0.01",,"64","52",
"USW00094728","2013-10-20","0.00",,"63","50",
"USW00094728","2013-10-21","0.00",,"66","50",
"USW00094728","2013-10-22","0.00",,"67","51",
"USW00094728","2013-10-23","0.00",,"55","45",
"USW00094728","2013-10-24","0.00",,"54","41",
"USW00094728","2013-10-25","0.00",,"53","40",
"USW00094728","2013-10-26","0.00",,"55","41",
"USW00094728","2013-10-27","0.00",,"58","46",
"USW00094728","2013-10-28","0.00",,"61","43",
"USW00094728","2013-10-29","0.00",,"56","44",
"USW00094728","2013-10-30","0.00",,"60","47",
"USW00094728","2013-10-31","0.06",,"66","53",
"USW00094728","2013-11-01","0.13",,"70","59",
"USW00094728","2013-11-02","0.00",,"68","55",
"USW00094728","2013-11-03","0.00",,"55","37",
"USW00094728","2013-11-04","0.00",,"46","35",
"USW00094728","2013-11-05","0.00",,"55","41",
"USW00094728","2013-11-06","0.00",,"61","49",
"USW00094728","2013-11-07","0.13",,"64","44",
"USW00094728","2013-11-08","0.00",,"50","40",
"USW00094728","2013-11-09","0.00",,"50","38",
"USW00094728","2013-11-10","0.00",,"61","44",
"USW00094728","2013-11-11","0.00",,"53","43",
"USW00094728","2013-11-12","0.03",,"52","31",
"USW00094728","2013-11-13","0.00",,"39","29",
"USW00094728","2013-11-14","0.00",,"52","33",
"USW00094728","2013-11-15","0.00",,"57","44",
"USW00094728","2013-11-16","0.05",,"60","45",
"USW00094728","2013-11-17","0.03",,"60","51",
"USW00094728","2013-11-18","0.22",,"65","51",
"USW00094728","2013-11-19","0.00",,"51","36",
"USW00094728","2013-11-20","0.00",,"44","32",
"USW00094728","2013-11-21","0.00",,"52","35",
"USW00094728","2013-11-22","0.07",,"57","51",
"USW00094728","2013-11-23","0.00",,"54","31",
"USW00094728","2013-11-24","0.00",,"30","23",
"USW00094728","2013-11-25","0.00",,"35","23",
"USW00094728","2013-11-26","0.51",,"47","33",
"USW00094728","2013-11-27","1.98",,"62","35",
"USW00094728","2013-11-28","0.00",,"35","30",
"USW00094728","2013-11-29","0.00",,"39","29",
"USW00094728","2013-11-30","0.00",,"39","25",
"USW00094728","2013-12-01","0.00",,"49","36",
"USW00094728","2013-12-02","0.00",,"49","41",
"USW00094728","2013-12-03","0.00",,"53","38",
"USW00094728","2013-12-04","0.00",,"52","41",
"USW00094728","2013-12-05","0.01",,"60","48",
"USW00094728","2013-12-06","0.73",,"62","37",
"USW00094728","2013-12-07","0.14",,"41","32",
"USW00094728","2013-12-08","0.08",,"33","29",
"USW00094728","2013-12-09","0.30",,"39","31",
"USW00094728","2013-12-10","0.23",,"37","30",
"USW00094728","2013-12-11","0.00",,"33","27",
"USW00094728","2013-12-12","0.00",,"30","23",
"USW00094728","2013-12-13","0.00",,"35","23",
"USW00094728","2013-12-14","0.73",,"34","22",
"USW00094728","2013-12-15","0.72",,"40","30",
"USW00094728","2013-12-16","0.00",,"33","25",
"USW00094728","2013-12-17","0.19",,"32","24",
"USW00094728","2013-12-18","0.00",,"37","23",
"USW00094728","2013-12-19","0.00",,"47","30",
"USW00094728","2013-12-20","0.00",,"53","41",
"USW00094728","2013-12-21","0.01",,"65","51",
"USW00094728","2013-12-22","0.00",,"71","61",
"USW00094728","2013-12-23","0.51",,"64","42",
"USW00094728","2013-12-24","0.00",,"42","26",
"USW00094728","2013-12-25","0.00",,"31","19",
"USW00094728","2013-12-26","0.00",,"36","30",
"USW00094728","2013-12-27","0.00",,"40","31",
"USW00094728","2013-12-28","0.00",,"55","36",
"USW00094728","2013-12-29","1.20",,"48","41",
"USW00094728","2013-12-30","0.00",,"45","23",
"USW00094728","2013-12-31","0.00",,"32","21",
"USW00094728","2014-01-01","0.00",,"33","24",
"USW00094728","2014-01-02","0.33",,"33","18",
"USW00094728","2014-01-03","0.29",,"18","9",
"USW00094728","2014-01-04","0.00",,"29","8",
"USW00094728","2014-01-05","0.14",,"40","27",
"USW00094728","2014-01-06","0.36",,"55","19",
"USW00094728","2014-01-07","0.00",,"19","4",
"USW00094728","2014-01-08","0.00",,"22","9",
"USW00094728","2014-01-09","0.00",,"32","22",
"USW00094728","2014-01-10","0.11",,"37","30",
"USW00094728","2014-01-11","0.50",,"58","37",
"USW00094728","2014-01-12","0.05",,"54","38",
"USW00094728","2014-01-13","0.00",,"51","37",
"USW00094728","2014-01-14","0.38",,"52","44",
"USW00094728","2014-01-15","0.00",,"47","39",
"USW00094728","2014-01-16","0.00",,"42","36",
"USW00094728","2014-01-17","0.00",,"44","33",
"USW00094728","2014-01-18","0.07",,"41","29",
"USW00094728","2014-01-19","0.00",,"38","24",
"USW00094728","2014-01-20","0.00",,"46","31",
"USW00094728","2014-01-21","0.46",,"31","11",
"USW00094728","2014-01-22","0.02",,"17","5",
"USW00094728","2014-01-23","0.00",,"20","7",
"USW00094728","2014-01-24","0.00",,"20","10",
"USW00094728","2014-01-25","0.04",,"28","19",
"USW00094728","2014-01-26","0.00",,"34","17",
"USW00094728","2014-01-27","0.00",,"44","21",
"USW00094728","2014-01-28","0.00",,"21","12",
"USW00094728","2014-01-29","0.04",,"23","14",
"USW00094728","2014-01-30","0.00",,"30","16",
"USW00094728","2014-01-31","0.00",,"39","25",
"USW00094728","2014-02-01","0.00",,"45","36",
"USW00094728","2014-02-02","0.00",,"56","39",
"USW00094728","2014-02-03","1.17",,"43","27",
"USW00094728","2014-02-04","0.00",,"35","22",
"USW00094728","2014-02-05","1.43",,"34","29",
"USW00094728","2014-02-06","0.00",,"32","21",
"USW00094728","2014-02-07","0.00",,"32","24",
"USW00094728","2014-02-08","0.00",,"29","21",
"USW00094728","2014-02-09","0.10",,"31","21",
"USW00094728","2014-02-10","0.00",,"29","21",
"USW00094728","2014-02-11","0.00",,"26","16",
"USW00094728","2014-02-12","0.00",,"25","13",
"USW00094728","2014-02-13","1.78",,"36","24",
"USW00094728","2014-02-14","0.30",,"40","31",
"USW00094728","2014-02-15","0.13",,"37","27",
"USW00094728","2014-02-16","0.00",,"30","21",
"USW00094728","2014-02-17","0.00",,"32","18",
"USW00094728","2014-02-18","0.16",,"39","26",
"USW00094728","2014-02-19","0.26",,"45","34",
"USW00094728","2014-02-20","0.03",,"51","37",
"USW00094728","2014-02-21","0.09",,"49","36",
"USW00094728","2014-02-22","0.00",,"54","40",
"USW00094728","2014-02-23","0.00",,"54","43",
"USW00094728","2014-02-24","0.00",,"44","27",
"USW00094728","2014-02-25","0.00",,"33","24",
"USW00094728","2014-02-26","0.03",,"31","20",
"USW00094728","2014-02-27","0.00",,"34","14",
"USW00094728","2014-02-28","0.00",,"24","9",
"USW00094728","2014-03-01","0.00",,"37","20",
"USW00094728","2014-03-02","0.00",,"40","32",
"USW00094728","2014-03-03","0.04",,"32","17",
"USW00094728","2014-03-04","0.00",,"29","13",
"USW00094728","2014-03-05","0.00",,"39","26",
"USW00094728","2014-03-06","0.00",,"31","16",
"USW00094728","2014-03-07","0.00",,"37","26",
"USW00094728","2014-03-08","0.00",,"57","35",
"USW00094728","2014-03-09","0.00",,"44","36",
"USW00094728","2014-03-10","0.00",,"51","36",
"USW00094728","2014-03-11","0.00",,"66","45",
"USW00094728","2014-03-12","0.35",,"56","32",
"USW00094728","2014-03-13","0.00",,"32","18",
"USW00094728","2014-03-14","0.00",,"46","22",
"USW00094728","2014-03-15","0.00",,"58","42",
"USW00094728","2014-03-16","0.00",,"42","30",
"USW00094728","2014-03-17","0.00",,"35","23",
"USW00094728","2014-03-18","0.00",,"43","28",
"USW00094728","2014-03-19","0.92",,"46","32",
"USW00094728","2014-03-20","0.00",,"54","40",
"USW00094728","2014-03-21","0.00",,"51","39",
"USW00094728","2014-03-22","0.00",,"63","41",
"USW00094728","2014-03-23","0.00",,"42","27",
"USW00094728","2014-03-24","0.00",,"35","21",
"USW00094728","2014-03-25","0.00",,"39","26",
"USW00094728","2014-03-26","0.00",,"36","24",
"USW00094728","2014-03-27","0.00",,"44","22",
"USW00094728","2014-03-28","0.04",,"62","37",
"USW00094728","2014-03-29","1.81",,"59","43",
"USW00094728","2014-03-30","0.35",,"49","39",
"USW00094728","2014-03-31","0.16",,"56","36",
"USW00094728","2014-04-01","0.00",,"60","39",
"USW00094728","2014-04-02","0.00",,"54","42",
"USW00094728","2014-04-03","0.07",,"67","46",
"USW00094728","2014-04-04","0.21",,"47","40",
"USW00094728","2014-04-05","0.00",,"54","40",
"USW00094728","2014-04-06","0.00",,"61","36",
"USW00094728","2014-04-07","0.52",,"53","43",
"USW00094728","2014-04-08","0.34",,"64","46",
"USW00094728","2014-04-09","0.00",,"61","45",
"USW00094728","2014-04-10","0.00",,"58","42",
"USW00094728","2014-04-11","0.00",,"75","56",
"USW00094728","2014-04-12","0.00",,"73","50",
"USW00094728","2014-04-13","0.00",,"77","54",
"USW00094728","2014-04-14","0.00",,"75","59",
"USW00094728","2014-04-15","0.71",,"63","33",
"USW00094728","2014-04-16","0.05",,"49","31",
"USW00094728","2014-04-17","0.00",,"48","36",
"USW00094728","2014-04-18","0.00",,"49","35",
"USW00094728","2014-04-19","0.00",,"68","41",
"USW00094728","2014-04-20","0.00",,"60","45",
"USW00094728","2014-04-21","0.00",,"67","41",
"USW00094728","2014-04-22","0.01",,"71","51",
"USW00094728","2014-04-23","0.00",,"61","44",
"USW00094728","2014-04-24","0.00",,"62","42",
"USW00094728","2014-04-25","0.02",,"63","44",
"USW00094728","2014-04-26","0.92",,"67","46",
"USW00094728","2014-04-27","0.00",,"59","47",
"USW00094728","2014-04-28","0.00",,"67","45",
"USW00094728","2014-04-29","0.03",,"52","43",
"USW00094728","2014-04-30","4.97",,"52","41",
"USW00094728","2014-05-01","0.12",,"78","51",
"USW00094728","2014-05-02","0.00",,"70","56",
"USW00094728","2014-05-03","0.08",,"71","54",
"USW00094728","2014-05-04","0.02",,"65","54",
"USW00094728","2014-05-05","0.00",,"70","50",
"USW00094728","2014-05-06","0.00",,"71","52",
"USW00094728","2014-05-07","0.00",,"69","50",
"USW00094728","2014-05-08","0.41",,"59","53",
"USW00094728","2014-05-09","0.04",,"63","55",
"USW00094728","2014-05-10","0.37",,"83","57",
"USW00094728","2014-05-11","0.03",,"82","60",
"USW00094728","2014-05-12","0.00",,"85","64",
"USW00094728","2014-05-13","0.00",,"73","53",
"USW00094728","2014-05-14","0.01",,"71","52",
"USW00094728","2014-05-15","0.15",,"71","58",
"USW00094728","2014-05-16","1.54",,"68","58",
"USW00094728","2014-05-17","0.00",,"70","53",
"USW00094728","2014-05-18","0.00",,"67","51",
"USW00094728","2014-05-19","0.00",,"72","49",
"USW00094728","2014-05-20","0.00",,"78","53",
"USW00094728","2014-05-21","0.00",,"74","63",
"USW00094728","2014-05-22","0.24",,"67","59",
"USW00094728","2014-05-23","0.91",,"71","56",
"USW00094728","2014-05-24","0.40",,"70","57",
"USW00094728","2014-05-25","0.00",,"80","55",
"USW00094728","2014-05-26","0.00",,"86","66",
"USW00094728","2014-05-27","0.00",,"86","64",
"USW00094728","2014-05-28","0.00",,"64","54",
"USW00094728","2014-05-29","0.00",,"66","51",
"USW00094728","2014-05-30","0.00",,"75","55",
"USW00094728","2014-05-31","0.05",,"73","57",
"USW00094728","2014-06-01","0.00",,"77","55",
"USW00094728","2014-06-02","0.00",,"80","59",
"USW00094728","2014-06-03","0.12",,"87","65",
"USW00094728","2014-06-04","0.00",,"82","63",
"USW00094728","2014-06-05","0.87",,"76","61",
"USW00094728","2014-06-06","0.00",,"76","61",
"USW00094728","2014-06-07","0.00",,"82","60",
"USW00094728","2014-06-08","0.00",,"86","66",
"USW00094728","2014-06-09","1.60",,"73","63",
"USW00094728","2014-06-10","0.00",,"77","65",
"USW00094728","2014-06-11","0.02",,"70","61",
"USW00094728","2014-06-12","0.07",,"73","60",
"USW00094728","2014-06-13","1.28",,"79","65",
"USW00094728","2014-06-14","0.00",,"74","60",
"USW00094728","2014-06-15","0.00",,"80","59",
"USW00094728","2014-06-16","0.00",,"81","63",
"USW00094728","2014-06-17","0.00",,"89","71",
"USW00094728","2014-06-18","0.00",,"89","76",
"USW00094728","2014-06-19","0.15",,"77","68",
"USW00094728","2014-06-20","0.00",,"79","64",
"USW00094728","2014-06-21","0.00",,"78","62",
"USW00094728","2014-06-22","0.00",,"79","64",
"USW00094728","2014-06-23","0.00",,"81","65",
"USW00094728","2014-06-24","0.00",,"81","68",
"USW00094728","2014-06-25","0.08",,"85","70",
"USW00094728","2014-06-26","0.07",,"85","70",
"USW00094728","2014-06-27","0.00",,"83","67",
"USW00094728","2014-06-28","0.00",,"87","66",
"USW00094728","2014-06-29","0.00",,"83","68",
"USW00094728","2014-06-30","0.00",,"84","69",
"USW00094728","2014-07-01","0.00",,"89","72",
"USW00094728","2014-07-02","0.96",,"91","72",
"USW00094728","2014-07-03","1.78",,"87","69",
"USW00094728","2014-07-04","0.14",,"74","65",
"USW00094728","2014-07-05","0.00",,"81","63",
"USW00094728","2014-07-06","0.00",,"84","66",
"USW00094728","2014-07-07","0.04",,"90","72",
"USW00094728","2014-07-08","0.39",,"91","71",
"USW00094728","2014-07-09","0.09",,"88","71",
"USW00094728","2014-07-10","0.00",,"83","72",
"USW00094728","2014-07-11","0.00",,"86","71",
"USW00094728","2014-07-12","0.00",,"85","71",
"USW00094728","2014-07-13","0.03",,"83","72",
"USW00094728","2014-07-14","0.46",,"84","72",
"USW00094728","2014-07-15","1.30",,"86","72",
"USW00094728","2014-07-16","0.00",,"81","68",
"USW00094728","2014-07-17","0.00",,"81","67",
"USW00094728","2014-07-18","0.00",,"81","64",
"USW00094728","2014-07-19","0.00",,"76","68",
"USW00094728","2014-07-20","0.00",,"80","66",
"USW00094728","2014-07-21","0.00",,"85","67",
"USW00094728","2014-07-22","0.00",,"86","71",
"USW00094728","2014-07-23","0.19",,"88","72",
"USW00094728","2014-07-24","0.00",,"80","70",
"USW00094728","2014-07-25","0.00",,"82","66",
"USW00094728","2014-07-26","0.00",,"81","69",
"USW00094728","2014-07-27","0.02",,"85","71",
"USW00094728","2014-07-28","0.19",,"82","68",
"USW00094728","2014-07-29","0.00",,"76","64",
"USW00094728","2014-07-30","0.00",,"80","63",
"USW00094728","2014-07-31","0.00",,"82","68",
"USW00094728","2014-08-01","0.00",,"84","71",
"USW00094728","2014-08-02","0.41",,"74","63",
"USW00094728","2014-08-03","0.07",,"76","66",
"USW00094728","2014-08-04","0.00",,"84","70",
"USW00094728","2014-08-05","0.00",,"90","71",
"USW00094728","2014-08-06","0.00",,"83","70",
"USW00094728","2014-08-07","0.00",,"83","66",
"USW00094728","2014-08-08","0.00",,"83","65",
"USW00094728","2014-08-09","0.00",,"87","66",
"USW00094728","2014-08-10","0.00",,"88","68",
"USW00094728","2014-08-11","0.00",,"87","71",
"USW00094728","2014-08-12","0.19",,"79","70",
"USW00094728","2014-08-13","0.53",,"82","68",
"USW00094728","2014-08-14","0.00",,"77","63",
"USW00094728","2014-08-15","0.00",,"73","61",
"USW00094728","2014-08-16","0.00",,"78","63",
"USW00094728","2014-08-17","0.01",,"82","66",
"USW00094728","2014-08-18","0.00",,"81","63",
"USW00094728","2014-08-19","0.00",,"83","63",
"USW00094728","2014-08-20","0.00",,"84","70",
"USW00094728","2014-08-21","0.35",,"83","65",
"USW00094728","2014-08-22","0.06",,"79","65",
"USW00094728","2014-08-23","0.01",,"77","67",
"USW00094728","2014-08-24","0.00",,"80","64",
"USW00094728","2014-08-25","0.00",,"88","64",
"USW00094728","2014-08-26","0.00",,"89","70",
"USW00094728","2014-08-27","0.00",,"90","70",
"USW00094728","2014-08-28","0.00",,"82","66",
"USW00094728","2014-08-29","0.00",,"80","61",
"USW00094728","2014-08-30","0.00",,"80","65",
"USW00094728","2014-08-31","0.62",,"90","73",
"USW00094728","2014-09-01","0.00",,"88","75",
"USW00094728","2014-09-02","0.00",,"92","77",
"USW00094728","2014-09-03","0.00",,"86","72",
"USW00094728","2014-09-04","0.00",,"87","69",
"USW00094728","2014-09-05","0.00",,"87","72",
"USW00094728","2014-09-06","0.11",,"91","67",
"USW00094728","2014-09-07","0.00",,"81","65",
"USW00094728","2014-09-08","0.00",,"75","65",
"USW00094728","2014-09-09","0.00",,"73","63",
"USW00094728","2014-09-10","0.00",,"80","63",
"USW00094728","2014-09-11","0.00",,"83","69",
"USW00094728","2014-09-12","0.00",,"78","62",
"USW00094728","2014-09-13","0.26",,"69","58",
"USW00094728","2014-09-14","0.00",,"71","53",
"USW00094728","2014-09-15","0.00",,"71","55",
"USW00094728","2014-09-16","0.37",,"70","58",
"USW00094728","2014-09-17","0.00",,"73","55",
"USW00094728","2014-09-18","0.00",,"76","57",
"USW00094728","2014-09-19","0.00",,"66","54",
"USW00094728","2014-09-20","0.00",,"75","57",
"USW00094728","2014-09-21","0.15",,"75","67",
"USW00094728","2014-09-22","0.00",,"71","55",
"USW00094728","2014-09-23","0.00",,"71","52",
"USW00094728","2014-09-24","0.00",,"71","58",
"USW00094728","2014-09-25","0.32",,"64","57",
"USW00094728","2014-09-26","0.00",,"77","58",
"USW00094728","2014-09-27","0.00",,"83","60",
"USW00094728","2014-09-28","0.00",,"84","64",
"USW00094728","2014-09-29","0.00",,"79","67",
"USW00094728","2014-09-30","0.00",,"71","62",
"USW00094728","2014-10-01","0.02",,"65","61",
"USW00094728","2014-10-02","0.00",,"70","61",
"USW00094728","2014-10-03","0.00",,"71","56",
"USW00094728","2014-10-04","1.18",,"69","52",
"USW00094728","2014-10-05","0.00",,"61","46",
"USW00094728","2014-10-06","0.00",,"69","50",
"USW00094728","2014-10-07","0.06",,"71","63",
"USW00094728","2014-10-08","0.04",,"73","62",
"USW00094728","2014-10-09","0.00",,"68","55",
"USW00094728","2014-10-10","0.00",,"64","52",
"USW00094728","2014-10-11","0.33",,"60","50",
"USW00094728","2014-10-12","0.00",,"63","48",
"USW00094728","2014-10-13","0.05",,"65","52",
"USW00094728","2014-10-14","0.00",,"76","63",
"USW00094728","2014-10-15","0.69",,"77","69",
"USW00094728","2014-10-16","1.11",,"71","61",
"USW00094728","2014-10-17","0.00",,"71","59",
"USW00094728","2014-10-18","0.00",,"70","56",
"USW00094728","2014-10-19","0.00",,"56","44",
"USW00094728","2014-10-20","0.00",,"60","42",
"USW00094728","2014-10-21","0.11",,"67","55",
"USW00094728","2014-10-22","1.51",,"58","50",
"USW00094728","2014-10-23","0.61",,"53","50",
"USW00094728","2014-10-24","0.00",,"63","51",
"USW00094728","2014-10-25","0.01",,"67","50",
"USW00094728","2014-10-26","0.00",,"63","53",
"USW00094728","2014-10-27","0.00",,"63","48",
"USW00094728","2014-10-28","0.00",,"72","53",
"USW00094728","2014-10-29","0.00",,"72","51",
"USW00094728","2014-10-30","0.00",,"59","47",
"USW00094728","2014-10-31","0.05",,"55","45",
"USW00094728","2014-11-01","0.35",,"47","42",
"USW00094728","2014-11-02","0.00",,"48","41",
"USW00094728","2014-11-03","0.00",,"61","39",
"USW00094728","2014-11-04","0.00",,"68","53",
"USW00094728","2014-11-05","0.00",,"64","56",
"USW00094728","2014-11-06","0.37",,"57","48",
"USW00094728","2014-11-07","0.00",,"53","40",
"USW00094728","2014-11-08","0.00",,"48","36",
"USW00094728","2014-11-09","0.00",,"57","46",
"USW00094728","2014-11-10","0.00",,"61","44",
"USW00094728","2014-11-11","0.00",,"64","49",
"USW00094728","2014-11-12","0.00",,"65","47",
"USW00094728","2014-11-13","0.20",,"48","36",
"USW00094728","2014-11-14","0.06",,"42","35",
"USW00094728","2014-11-15","0.00",,"42","33",
"USW00094728","2014-11-16","0.03",,"45","35",
"USW00094728","2014-11-17","1.54",,"52","40",
"USW00094728","2014-11-18","0.00",,"45","24",
"USW00094728","2014-11-19","0.00",,"36","22",
"USW00094728","2014-11-20","0.00",,"45","31",
"USW00094728","2014-11-21","0.00",,"37","28",
"USW00094728","2014-11-22","0.00",,"44","28",
"USW00094728","2014-11-23","0.00",,"57","43",
"USW00094728","2014-11-24","0.70",,"69","53",
"USW00094728","2014-11-25","0.00",,"68","51",
"USW00094728","2014-11-26","1.24",,"51","34",
"USW00094728","2014-11-27","0.02",,"38","34",
"USW00094728","2014-11-28","0.00",,"37","29",
"USW00094728","2014-11-29","0.00",,"45","27",
"USW00094728","2014-11-30","0.00",,"55","45",
"USW00094728","2014-12-01","0.09",,"65","42",
"USW00094728","2014-12-02","0.08",,"43","35",
"USW00094728","2014-12-03","0.06",,"46","41",
"USW00094728","2014-12-04","0.00",,"45","37",
"USW00094728","2014-12-05","0.51",,"44","34",
"USW00094728","2014-12-06","1.22",,"50","39",
"USW00094728","2014-12-07","0.04",,"42","30",
"USW00094728","2014-12-08","0.00",,"37","24",
"USW00094728","2014-12-09","2.54",,"42","36",
"USW00094728","2014-12-10","0.08",,"40","32",
"USW00094728","2014-12-11","0.01",,"38","31",
"USW00094728","2014-12-12","0.00",,"38","32",
"USW00094728","2014-12-13","0.00",,"44","34",
"USW00094728","2014-12-14","0.00",,"46","38",
"USW00094728","2014-12-15","0.00",,"48","37",
"USW00094728","2014-12-16","0.20",,"49","38",
"USW00094728","2014-12-17","0.02",,"54","42",
"USW00094728","2014-12-18","0.00",,"42","37",
"USW00094728","2014-12-19","0.00",,"38","31",
"USW00094728","2014-12-20","0.00",,"33","30",
"USW00094728","2014-12-21","0.00",,"36","31",
"USW00094728","2014-12-22","0.04",,"44","35",
"USW00094728","2014-12-23","0.16",,"46","43",
"USW00094728","2014-12-24","0.80",,"58","44",
"USW00094728","2014-12-25","0.09",,"62","44",
"USW00094728","2014-12-26","0.00",,"50","40",
"USW00094728","2014-12-27","0.00",,"55","44",
"USW00094728","2014-12-28","0.10",,"54","43",
"USW00094728","2014-12-29","0.00",,"44","34",
"USW00094728","2014-12-30","0.00",,"34","28",
"USW00094728","2014-12-31","0.00",,"32","27",
"USW00094728","2015-01-01","0.00",,"39","27",
"USW00094728","2015-01-02","0.00",,"42","35",
"USW00094728","2015-01-03","0.71",,"42","33",
"USW00094728","2015-01-04","0.30",,"56","41",
"USW00094728","2015-01-05","0.00",,"49","21",
"USW00094728","2015-01-06","0.05",,"22","19",
"USW00094728","2015-01-07","0.00",,"23","9",
"USW00094728","2015-01-08","0.00",,"21","8",
"USW00094728","2015-01-09","0.07",,"33","19",
"USW00094728","2015-01-10","0.00",,"23","16",
"USW00094728","2015-01-11","0.00",,"37","18",
"USW00094728","2015-01-12","0.36",,"39","35",
"USW00094728","2015-01-13","0.00",,"36","17",
"USW00094728","2015-01-14","0.00",,"32","16",
"USW00094728","2015-01-15","0.00",,"35","25",
"USW00094728","2015-01-16","0.00",,"43","20",
"USW00094728","2015-01-17","0.00",,"32","17",
"USW00094728","2015-01-18","2.10",,"42","31",
"USW00094728","2015-01-19","0.00",,"42","36",
"USW00094728","2015-01-20","0.00",,"40","32",
"USW00094728","2015-01-21","0.00",,"36","25",
"USW00094728","2015-01-22","0.00",,"40","31",
"USW00094728","2015-01-23","0.00",,"39","28",
"USW00094728","2015-01-24","0.72",,"39","33",
"USW00094728","2015-01-25","0.00",,"42","31",
"USW00094728","2015-01-26","0.48",,"31","22",
"USW00094728","2015-01-27","0.36",,"30","20",
"USW00094728","2015-01-28","0.00",,"34","16",
"USW00094728","2015-01-29","0.02",,"36","19",
"USW00094728","2015-01-30","0.06",,"38","19",
"USW00094728","2015-01-31","0.00",,"26","13",
"USW00094728","2015-02-01","0.03",,"36","20",
"USW00094728","2015-02-02","1.02",,"34","14",
"USW00094728","2015-02-03","0.00",,"26","13",
"USW00094728","2015-02-04","0.00",,"43","24",
"USW00094728","2015-02-05","0.00",,"42","14",
"USW00094728","2015-02-06","0.00",,"27","12",
"USW00094728","2015-02-07","0.02",,"40","25",
"USW00094728","2015-02-08","0.00",,"37","29",
"USW00094728","2015-02-09","0.09",,"29","25",
"USW00094728","2015-02-10","0.01",,"40","26",
"USW00094728","2015-02-11","0.00",,"34","22",
"USW00094728","2015-02-12","0.00",,"40","16",
"USW00094728","2015-02-13","0.00",,"21","8",
"USW00094728","2015-02-14","0.02",,"32","16",
"USW00094728","2015-02-15","0.00",,"25","4",
"USW00094728","2015-02-16","0.00",,"21","3",
"USW00094728","2015-02-17","0.14",,"27","14",
"USW00094728","2015-02-18","0.00",,"33","19",
"USW00094728","2015-02-19","0.00",,"27","8",
"USW00094728","2015-02-20","0.00",,"19","2",
"USW00094728","2015-02-21","0.61",,"32","13",
"USW00094728","2015-02-22","0.10",,"43","32",
"USW00094728","2015-02-23","0.00",,"38","8",
"USW00094728","2015-02-24","0.00",,"24","4",
"USW00094728","2015-02-25","0.00",,"37","20",
"USW00094728","2015-02-26","0.00",,"32","21",
"USW00094728","2015-02-27","0.00",,"30","18",
"USW00094728","2015-02-28","0.00",,"29","13",
"USW00094728","2015-03-01","0.52",,"31","24",
"USW00094728","2015-03-02","0.00",,"39","27",
"USW00094728","2015-03-03","0.67",,"37","22",
"USW00094728","2015-03-04","0.25",,"45","35",
"USW00094728","2015-03-05","0.76",,"40","19",
"USW00094728","2015-03-06","0.00",,"27","12",
"USW00094728","2015-03-07","0.00",,"38","18",
"USW00094728","2015-03-08","0.00",,"49","37",
"USW00094728","2015-03-09","0.01",,"54","40",
"USW00094728","2015-03-10","0.46",,"53","39",
"USW00094728","2015-03-11","0.01",,"59","44",
"USW00094728","2015-03-12","0.00",,"47","36",
"USW00094728","2015-03-13","0.00",,"43","31",
"USW00094728","2015-03-14","0.81",,"51","40",
"USW00094728","2015-03-15","0.00",,"44","36",
"USW00094728","2015-03-16","0.00",,"52","35",
"USW00094728","2015-03-17","0.02",,"57","34",
"USW00094728","2015-03-18","0.00",,"39","29",
"USW00094728","2015-03-19","0.00",,"43","29",
"USW00094728","2015-03-20","0.40",,"38","29",
"USW00094728","2015-03-21","0.00",,"47","29",
"USW00094728","2015-03-22","0.00",,"43","28",
"USW00094728","2015-03-23","0.00",,"38","23",
"USW00094728","2015-03-24","0.00",,"45","26",
"USW00094728","2015-03-25","0.05",,"49","34",
"USW00094728","2015-03-26","0.32",,"62","42",
"USW00094728","2015-03-27","0.27",,"46","39",
"USW00094728","2015-03-28","0.00",,"40","26",
"USW00094728","2015-03-29","0.00",,"46","25",
"USW00094728","2015-03-30","0.00",,"54","36",
"USW00094728","2015-03-31","0.17",,"47","35",
"USW00094728","2015-04-01","0.00",,"51","32",
"USW00094728","2015-04-02","0.00",,"67","41",
"USW00094728","2015-04-03","0.04",,"64","59",
"USW00094728","2015-04-04","0.01",,"60","42",
"USW00094728","2015-04-05","0.00",,"61","42",
"USW00094728","2015-04-06","0.00",,"63","42",
"USW00094728","2015-04-07","0.15",,"62","42",
"USW00094728","2015-04-08","0.00",,"45","37",
"USW00094728","2015-04-09","0.00",,"43","37",
"USW00094728","2015-04-10","0.17",,"56","39",
"USW00094728","2015-04-11","0.00",,"57","44",
"USW00094728","2015-04-12","0.00",,"66","43",
"USW00094728","2015-04-13","0.00",,"68","50",
"USW00094728","2015-04-14","0.01",,"65","55",
"USW00094728","2015-04-15","0.00",,"72","51",
"USW00094728","2015-04-16","0.00",,"64","52",
"USW00094728","2015-04-17","0.08",,"71","55",
"USW00094728","2015-04-18","0.00",,"80","59",
"USW00094728","2015-04-19","0.00",,"64","48",
"USW00094728","2015-04-20","1.37",,"57","46",
"USW00094728","2015-04-21","0.20",,"65","52",
"USW00094728","2015-04-22","0.05",,"69","48",
"USW00094728","2015-04-23","0.00",,"52","41",
"USW00094728","2015-04-24","0.00",,"52","39",
"USW00094728","2015-04-25","0.00",,"62","38",
"USW00094728","2015-04-26","0.00",,"64","46",
"USW00094728","2015-04-27","0.00",,"62","49",
"USW00094728","2015-04-28","0.00",,"71","50",
"USW00094728","2015-04-29","0.00",,"78","50",
"USW00094728","2015-04-30","0.00",,"67","48",
"USW00094728","2015-05-01","0.00",,"63","49",
"USW00094728","2015-05-02","0.00",,"74","48",
"USW00094728","2015-05-03","0.00",,"80","51",
"USW00094728","2015-05-04","0.00",,"85","57",
"USW00094728","2015-05-05","0.00",,"85","66",
"USW00094728","2015-05-06","0.00",,"73","59",
"USW00094728","2015-05-07","0.00",,"80","56",
"USW00094728","2015-05-08","0.00",,"82","56",
"USW00094728","2015-05-09","0.00",,"70","57",
"USW00094728","2015-05-10","0.00",,"83","61",
"USW00094728","2015-05-11","0.00",,"84","70",
"USW00094728","2015-05-12","0.00",,"86","64",
"USW00094728","2015-05-13","0.00",,"70","53",
"USW00094728","2015-05-14","0.00",,"73","50",
"USW00094728","2015-05-15","0.00",,"75","55",
"USW00094728","2015-05-16","0.30",,"75","57",
"USW00094728","2015-05-17","0.02",,"83","64",
"USW00094728","2015-05-18","0.00",,"75","60",
"USW00094728","2015-05-19","0.00",,"80","59",
"USW00094728","2015-05-20","0.00",,"67","54",
"USW00094728","2015-05-21","0.00",,"62","52",
"USW00094728","2015-05-22","0.00",,"74","55",
"USW00094728","2015-05-23","0.00",,"70","49",
"USW00094728","2015-05-24","0.00",,"81","56",
"USW00094728","2015-05-25","0.00",,"85","64",
"USW00094728","2015-05-26","0.00",,"88","67",
"USW00094728","2015-05-27","0.08",,"85","70",
"USW00094728","2015-05-28","0.00",,"85","70",
"USW00094728","2015-05-29","0.00",,"85","65",
"USW00094728","2015-05-30","0.00",,"85","67",
"USW00094728","2015-05-31","1.46",,"87","57",
"USW00094728","2015-06-01","0.72",,"58","51",
"USW00094728","2015-06-02","0.37",,"55","50",
"USW00094728","2015-06-03","0.00",,"70","52",
"USW00094728","2015-06-04","0.00",,"65","54",
"USW00094728","2015-06-05","0.13",,"70","55",
"USW00094728","2015-06-06","0.19",,"76","60",
"USW00094728","2015-06-07","0.00",,"74","55",
"USW00094728","2015-06-08","0.06",,"79","63",
"USW00094728","2015-06-09","0.01",,"83","68",
"USW00094728","2015-06-10","0.00",,"82","65",
"USW00094728","2015-06-11","0.00",,"89","72",
"USW00094728","2015-06-12","0.00",,"88","73",
"USW00094728","2015-06-13","0.00",,"86","72",
"USW00094728","2015-06-14","0.36",,"88","66",
"USW00094728","2015-06-15","0.57",,"83","64",
"USW00094728","2015-06-16","0.27",,"79","65",
"USW00094728","2015-06-17","0.00",,"82","66",
"USW00094728","2015-06-18","0.00",,"71","64",
"USW00094728","2015-06-19","0.00",,"87","68",
"USW00094728","2015-06-20","0.00",,"75","64",
"USW00094728","2015-06-21","0.64",,"88","71",
"USW00094728","2015-06-22","0.00",,"87","70",
"USW00094728","2015-06-23","0.02",,"90","75",
"USW00094728","2015-06-24","0.00",,"84","68",
"USW00094728","2015-06-25","0.00",,"83","65",
"USW00094728","2015-06-26","0.00",,"81","69",
"USW00094728","2015-06-27","1.12",,"71","58",
"USW00094728","2015-06-28","0.29",,"73","62",
"USW00094728","2015-06-29","0.00",,"76","63",
"USW00094728","2015-06-30","0.04",,"82","68",
"USW00094728","2015-07-01","0.39",,"82","69",
"USW00094728","2015-07-02","0.00",,"80","69",
"USW00094728","2015-07-03","0.00",,"82","66",
"USW00094728","2015-07-04","0.00",,"75","69",
"USW00094728","2015-07-05","0.00",,"83","68",
"USW00094728","2015-07-06","0.00",,"83","72",
"USW00094728","2015-07-07","0.12",,"88","75",
"USW00094728","2015-07-08","0.00",,"88","77",
"USW00094728","2015-07-09","0.30",,"79","68",
"USW00094728","2015-07-10","0.00",,"84","72",
"USW00094728","2015-07-11","0.00",,"88","69",
"USW00094728","2015-07-12","0.00",,"89","72",
"USW00094728","2015-07-13","0.00",,"88","73",
"USW00094728","2015-07-14","0.42",,"82","73",
"USW00094728","2015-07-15","0.12",,"81","72",
"USW00094728","2015-07-16","0.00",,"80","64",
"USW00094728","2015-07-17","0.00",,"81","67",
"USW00094728","2015-07-18","0.32",,"85","71",
"USW00094728","2015-07-19","0.00",,"93","78",
"USW00094728","2015-07-20","0.00",,"94","82",
"USW00094728","2015-07-21","0.00",,"89","74",
"USW00094728","2015-07-22","0.00",,"85","69",
"USW00094728","2015-07-23","0.00",,"86","68",
"USW00094728","2015-07-24","0.00",,"87","70",
"USW00094728","2015-07-25","0.00",,"88","69",
"USW00094728","2015-07-26","0.00",,"90","74",
"USW00094728","2015-07-27","0.36",,"86","71",
"USW00094728","2015-07-28","0.00",,"95","75",
"USW00094728","2015-07-29","0.00",,"96","78",
"USW00094728","2015-07-30","1.95",,"87","76",
"USW00094728","2015-07-31","0.00",,"89","72",
"USW00094728","2015-08-01","0.00",,"89","75",
"USW00094728","2015-08-02","0.00",,"89","71",
"USW00094728","2015-08-03","0.00",,"90","75",
"USW00094728","2015-08-04","0.43",,"89","69",
"USW00094728","2015-08-05","0.00",,"87","72",
"USW00094728","2015-08-06","0.00",,"83","67",
"USW00094728","2015-08-07","0.00",,"84","69",
"USW00094728","2015-08-08","0.00",,"82","68",
"USW00094728","2015-08-09","0.00",,"85","68",
"USW00094728","2015-08-10","0.00",,"84","70",
"USW00094728","2015-08-11","1.17",,"81","71",
"USW00094728","2015-08-12","0.00",,"85","71",
"USW00094728","2015-08-13","0.00",,"83","67",
"USW00094728","2015-08-14","0.00",,"88","67",
"USW00094728","2015-08-15","0.00",,"92","73",
"USW00094728","2015-08-16","0.00",,"93","76",
"USW00094728","2015-08-17","0.00",,"95","78",
"USW00094728","2015-08-18","0.29",,"90","73",
"USW00094728","2015-08-19","0.00",,"87","77",
"USW00094728","2015-08-20","0.01",,"86","77",
"USW00094728","2015-08-21","0.32",,"87","71",
"USW00094728","2015-08-22","0.00",,"86","69",
"USW00094728","2015-08-23","0.00",,"85","70",
"USW00094728","2015-08-24","0.00",,"87","73",
"USW00094728","2015-08-25","0.00",,"90","73",
"USW00094728","2015-08-26","0.00",,"85","67",
"USW00094728","2015-08-27","0.00",,"82","67",
"USW00094728","2015-08-28","0.00",,"82","63",
"USW00094728","2015-08-29","0.00",,"87","67",
"USW00094728","2015-08-30","0.13",,"90","72",
"USW00094728","2015-08-31","0.00",,"91","76",
"USW00094728","2015-09-01","0.00",,"90","76",
"USW00094728","2015-09-02","0.00",,"91","74",
"USW00094728","2015-09-03","0.00",,"93","74",
"USW00094728","2015-09-04","0.00",,"85","72",
"USW00094728","2015-09-05","0.00",,"83","67",
"USW00094728","2015-09-06","0.00",,"87","65",
"USW00094728","2015-09-07","0.00",,"92","70",
"USW00094728","2015-09-08","0.00",,"97","76",
"USW00094728","2015-09-09","0.00",,"90","76",
"USW00094728","2015-09-10","1.58",,"79","70",
"USW00094728","2015-09-11","0.00",,"81","66",
"USW00094728","2015-09-12","0.29",,"79","69",
"USW00094728","2015-09-13","0.04",,"80","62",
"USW00094728","2015-09-14","0.00",,"77","59",
"USW00094728","2015-09-15","0.00",,"84","62",
"USW00094728","2015-09-16","0.00",,"88","66",
"USW00094728","2015-09-17","0.00",,"89","68",
"USW00094728","2015-09-18","0.00",,"87","68",
"USW00094728","2015-09-19","0.00",,"83","68",
"USW00094728","2015-09-20","0.00",,"79","64",
"USW00094728","2015-09-21","0.00",,"73","59",
"USW00094728","2015-09-22","0.00",,"71","62",
"USW00094728","2015-09-23","0.00",,"80","59",
"USW00094728","2015-09-24","0.00",,"82","60",
"USW00094728","2015-09-25","0.00",,"76","63",
"USW00094728","2015-09-26","0.00",,"72","61",
"USW00094728","2015-09-27","0.00",,"71","56",
"USW00094728","2015-09-28","0.00",,"78","65",
"USW00094728","2015-09-29","0.11",,"83","72",
"USW00094728","2015-09-30","1.26",,"79","59",
"USW00094728","2015-10-01","0.09",,"64","56",
"USW00094728","2015-10-02","1.08",,"57","48",
"USW00094728","2015-10-03","0.35",,"55","49",
"USW00094728","2015-10-04","0.00",,"63","53",
"USW00094728","2015-10-05","0.00",,"67","52",
"USW00094728","2015-10-06","0.00",,"73","52",
"USW00094728","2015-10-07","0.00",,"73","58",
"USW00094728","2015-10-08","0.00",,"72","59",
"USW00094728","2015-10-09","0.89",,"78","61",
"USW00094728","2015-10-10","0.00",,"65","50",
"USW00094728","2015-10-11","0.00",,"69","53",
"USW00094728","2015-10-12","0.00",,"77","56",
"USW00094728","2015-10-13","0.01",,"72","61",
"USW00094728","2015-10-14","0.00",,"69","57",
"USW00094728","2015-10-15","0.00",,"64","51",
"USW00094728","2015-10-16","0.00",,"64","53",
"USW00094728","2015-10-17","0.00",,"56","42",
"USW00094728","2015-10-18","0.00",,"50","38",
"USW00094728","2015-10-19","0.00",,"53","35",
"USW00094728","2015-10-20","0.00",,"70","48",
"USW00094728","2015-10-21","0.00",,"76","57",
"USW00094728","2015-10-22","0.00",,"75","58",
"USW00094728","2015-10-23","0.00",,"65","45",
"USW00094728","2015-10-24","0.00",,"57","40",
"USW00094728","2015-10-25","0.05",,"68","48",
"USW00094728","2015-10-26","0.00",,"58","46",
"USW00094728","2015-10-27","0.00",,"59","45",
"USW00094728","2015-10-28","1.40",,"69","53",
"USW00094728","2015-10-29","0.04",,"73","57",
"USW00094728","2015-10-30","0.00",,"61","48",
"USW00094728","2015-10-31","0.00",,"56","42",
"USW00094728","2015-11-01","0.00",,"65","54",
"USW00094728","2015-11-02","0.00",,"63","54",
"USW00094728","2015-11-03","0.00",,"72","48",
"USW00094728","2015-11-04","0.00",,"70","56",
"USW00094728","2015-11-05","0.01",,"71","56",
"USW00094728","2015-11-06","0.00",,"74","66",
"USW00094728","2015-11-07","0.00",,"72","53",
"USW00094728","2015-11-08","0.00",,"56","46",
"USW00094728","2015-11-09","0.00",,"59","43",
"USW00094728","2015-11-10","0.26",,"57","51",
"USW00094728","2015-11-11","0.43",,"58","49",
"USW00094728","2015-11-12","0.01",,"61","51",
"USW00094728","2015-11-13","0.00",,"58","46",
"USW00094728","2015-11-14","0.00",,"49","42",
"USW00094728","2015-11-15","0.00",,"58","39",
"USW00094728","2015-11-16","0.00",,"67","51",
"USW00094728","2015-11-17","0.00",,"52","40",
"USW00094728","2015-11-18","0.00",,"58","46",
"USW00094728","2015-11-19","1.25",,"64","57",
"USW00094728","2015-11-20","0.00",,"64","46",
"USW00094728","2015-11-21","0.00",,"53","42",
"USW00094728","2015-11-22","0.03",,"55","42",
"USW00094728","2015-11-23","0.00",,"44","33",
"USW00094728","2015-11-24","0.00",,"46","32",
"USW00094728","2015-11-25","0.00",,"50","36",
"USW00094728","2015-11-26","0.00",,"60","41",
"USW00094728","2015-11-27","0.00",,"64","51",
"USW00094728","2015-11-28","0.02",,"64","45",
"USW00094728","2015-11-29","0.00",,"49","38",
"USW00094728","2015-11-30","0.00",,"47","33",
"USW00094728","2015-12-01","0.33",,"51","44",
"USW00094728","2015-12-02","0.14",,"57","46",
"USW00094728","2015-12-03","0.00",,"55","44",
"USW00094728","2015-12-04","0.00",,"51","42",
"USW00094728","2015-12-05","0.00",,"51","40",
"USW00094728","2015-12-06","0.00",,"53","39",
"USW00094728","2015-12-07","0.00",,"54","42",
"USW00094728","2015-12-08","0.00",,"49","41",
"USW00094728","2015-12-09","0.00",,"55","40",
"USW00094728","2015-12-10","0.00",,"60","51",
"USW00094728","2015-12-11","0.00",,"61","50",
"USW00094728","2015-12-12","0.00",,"66","55",
"USW00094728","2015-12-13","0.00",,"67","55",
"USW00094728","2015-12-14","0.33",,"67","53",
"USW00094728","2015-12-15","0.09",,"68","53",
"USW00094728","2015-12-16","0.04",,"53","46",
"USW00094728","2015-12-17","1.21",,"59","50",
"USW00094728","2015-12-18","0.00",,"57","38",
"USW00094728","2015-12-19","0.00",,"40","35",
"USW00094728","2015-12-20","0.00",,"43","34",
"USW00094728","2015-12-21","0.00",,"56","39",
"USW00094728","2015-12-22","0.19",,"62","53",
"USW00094728","2015-12-23","1.55",,"64","52",
"USW00094728","2015-12-24","0.01",,"72","63",
"USW00094728","2015-12-25","0.01",,"66","57",
"USW00094728","2015-12-26","0.00",,"59","47",
"USW00094728","2015-12-27","0.12",,"61","46",
"USW00094728","2015-12-28","0.03",,"46","34",
"USW00094728","2015-12-29","0.45",,"46","34",
"USW00094728","2015-12-30","0.19",,"48","38",
"USW00094728","2015-12-31","0.03",,"48","42",
"USW00094728","2016-01-01","0.00",,"42","34",
"USW00094728","2016-01-02","0.00",,"40","32",
"USW00094728","2016-01-03","0.00",,"45","35",
"USW00094728","2016-01-04","0.00",,"36","14",
"USW00094728","2016-01-05","0.00",,"29","11",
"USW00094728","2016-01-06","0.00",,"41","25",
"USW00094728","2016-01-07","0.00",,"46","31",
"USW00094728","2016-01-08","0.00",,"46","31",
"USW00094728","2016-01-09","0.00",,"47","40",
"USW00094728","2016-01-10","1.80",,"59","40",
"USW00094728","2016-01-11","0.00",,"40","26",
"USW00094728","2016-01-12","0.00",,"44","25",
"USW00094728","2016-01-13","0.00",,"30","22",
"USW00094728","2016-01-14","0.00",,"38","22",
"USW00094728","2016-01-15","0.00",,"51","34",
"USW00094728","2016-01-16","0.24",,"52","42",
"USW00094728","2016-01-17","0.05",,"42","30",
"USW00094728","2016-01-18","0.00",,"31","18",
"USW00094728","2016-01-19","0.00",,"28","16",
"USW00094728","2016-01-20","0.00",,"37","27",
"USW00094728","2016-01-21","0.00",,"36","26",
"USW00094728","2016-01-22","0.01",,"30","21",
"USW00094728","2016-01-23","2.31",,"27","24",
"USW00094728","2016-01-24","0.00",,"35","20",
"USW00094728","2016-01-25","0.00",,"39","28",
"USW00094728","2016-01-26","0.00",,"48","38",
"USW00094728","2016-01-27","0.00",,"47","34",
"USW00094728","2016-01-28","0.00",,"42","32",
"USW00094728","2016-01-29","0.00",,"41","30",
"USW00094728","2016-01-30","0.00",,"39","28",
"USW00094728","2016-01-31","0.00",,"56","36",
"USW00094728","2016-02-01","0.01",,"59","44",
"USW00094728","2016-02-02","0.00",,"50","38",
"USW00094728","2016-02-03","0.73",,"59","42",
"USW00094728","2016-02-04","0.00",,"59","44",
"USW00094728","2016-02-05","0.53",,"44","31",
"USW00094728","2016-02-06","0.00",,"40","30",
"USW00094728","2016-02-07","0.00",,"47","33",
"USW00094728","2016-02-08","0.05",,"39","28",
"USW00094728","2016-02-09","0.00",,"36","27",
"USW00094728","2016-02-10","0.01",,"39","31",
"USW00094728","2016-02-11","0.00",,"31","18",
"USW00094728","2016-02-12","0.00",,"27","15",
"USW00094728","2016-02-13","0.00",,"22","6",
"USW00094728","2016-02-14","0.00",,"15","-1",
"USW00094728","2016-02-15","0.44",,"35","13",
"USW00094728","2016-02-16","1.01",,"54","35",
"USW00094728","2016-02-17","0.00",,"39","35",
"USW00094728","2016-02-18","0.00",,"36","27",
"USW00094728","2016-02-19","0.00",,"39","24",
"USW00094728","2016-02-20","0.00",,"61","39",
"USW00094728","2016-02-21","0.03",,"55","44",
"USW00094728","2016-02-22","0.00",,"52","38",
"USW00094728","2016-02-23","0.30",,"40","35",
"USW00094728","2016-02-24","1.22",,"60","36",
"USW00094728","2016-02-25","0.02",,"61","37",
"USW00094728","2016-02-26","0.00",,"39","27",
"USW00094728","2016-02-27","0.00",,"41","26",
"USW00094728","2016-02-28","0.00",,"60","38",
"USW00094728","2016-02-29","0.05",,"61","47",
"USW00094728","2016-03-01","0.00",,"52","39",
"USW00094728","2016-03-02","0.14",,"55","29",
"USW00094728","2016-03-03","0.00",,"36","26",
"USW00094728","2016-03-04","0.11",,"39","30",
"USW00094728","2016-03-05","0.00",,"41","28",
"USW00094728","2016-03-06","0.00",,"44","32",
"USW00094728","2016-03-07","0.00",,"60","36",
"USW00094728","2016-03-08","0.00",,"67","47",
"USW00094728","2016-03-09","0.00",,"77","44",
"USW00094728","2016-03-10","0.00",,"79","63",
"USW00094728","2016-03-11","0.06",,"68","48",
"USW00094728","2016-03-12","0.00",,"59","40",
"USW00094728","2016-03-13","0.00",,"62","50",
"USW00094728","2016-03-14","0.29",,"51","40",
"USW00094728","2016-03-15","0.00",,"57","44",
"USW00094728","2016-03-16","0.02",,"65","48",
"USW00094728","2016-03-17","0.00",,"63","45",
"USW00094728","2016-03-18","0.00",,"57","42",
"USW00094728","2016-03-19","0.00",,"46","36",
"USW00094728","2016-03-20","0.07",,"43","32",
"USW00094728","2016-03-21","0.06",,"50","32",
"USW00094728","2016-03-22","0.00",,"56","35",
"USW00094728","2016-03-23","0.00",,"71","48",
"USW00094728","2016-03-24","0.00",,"55","44",
"USW00094728","2016-03-25","0.04",,"72","44",
"USW00094728","2016-03-26","0.00",,"55","38",
"USW00094728","2016-03-27","0.00",,"55","43",
"USW00094728","2016-03-28","0.38",,"62","42",
"USW00094728","2016-03-29","0.00",,"53","40",
"USW00094728","2016-03-30","0.00",,"56","37",
"USW00094728","2016-03-31","0.00",,"73","49",
"USW00094728","2016-04-01","0.02",,"79","61",
"USW00094728","2016-04-02","0.16",,"61","49",
"USW00094728","2016-04-03","0.09",,"50","34",
"USW00094728","2016-04-04","0.47",,"45","29",
"USW00094728","2016-04-05","0.00",,"43","26",
"USW00094728","2016-04-06","0.00",,"48","30",
"USW00094728","2016-04-07","0.09",,"58","48",
"USW00094728","2016-04-08","0.01",,"50","40",
"USW00094728","2016-04-09","0.11",,"43","36",
"USW00094728","2016-04-10","0.00",,"50","31",
"USW00094728","2016-04-11","0.01",,"65","43",
"USW00094728","2016-04-12","0.20",,"59","45",
"USW00094728","2016-04-13","0.00",,"58","40",
"USW00094728","2016-04-14","0.00",,"62","43",
"USW00094728","2016-04-15","0.00",,"65","42",
"USW00094728","2016-04-16","0.00",,"68","43",
"USW00094728","2016-04-17","0.00",,"75","44",
"USW00094728","2016-04-18","0.00",,"82","51",
"USW00094728","2016-04-19","0.00",,"73","55",
"USW00094728","2016-04-20","0.00",,"69","49",
"USW00094728","2016-04-21","0.00",,"73","49",
"USW00094728","2016-04-22","0.00",,"79","62",
"USW00094728","2016-04-23","0.16",,"71","54",
"USW00094728","2016-04-24","0.00",,"68","47",
"USW00094728","2016-04-25","0.00",,"69","50",
"USW00094728","2016-04-26","0.24",,"60","47",
"USW00094728","2016-04-27","0.00",,"62","46",
"USW00094728","2016-04-28","0.00",,"59","48",
"USW00094728","2016-04-29","0.05",,"58","45",
"USW00094728","2016-04-30","0.00",,"65","46",
"USW00094728","2016-05-01","0.16",,"51","45",
"USW00094728","2016-05-02","0.04",,"60","45",
"USW00094728","2016-05-03","0.61",,"56","51",
"USW00094728","2016-05-04","0.01",,"52","48",
"USW00094728","2016-05-05","0.00",,"57","46",
"USW00094728","2016-05-06","0.54",,"54","48",
"USW00094728","2016-05-07","0.00",,"60","48",
"USW00094728","2016-05-08","0.16",,"66","49",
"USW00094728","2016-05-09","0.00",,"72","52",
"USW00094728","2016-05-10","0.00",,"63","50",
"USW00094728","2016-05-11","0.00",,"76","50",
"USW00094728","2016-05-12","0.00",,"80","56",
"USW00094728","2016-05-13","0.25",,"65","57",
"USW00094728","2016-05-14","0.00",,"73","56",
"USW00094728","2016-05-15","0.00",,"59","46",
"USW00094728","2016-05-16","0.00",,"66","43",
"USW00094728","2016-05-17","0.00",,"64","52",
"USW00094728","2016-05-18","0.00",,"68","52",
"USW00094728","2016-05-19","0.00",,"73","54",
"USW00094728","2016-05-20","0.00",,"76","53",
"USW00094728","2016-05-21","0.04",,"66","54",
"USW00094728","2016-05-22","0.09",,"70","52",
"USW00094728","2016-05-23","0.02",,"78","56",
"USW00094728","2016-05-24","0.18",,"73","58",
"USW00094728","2016-05-25","0.00",,"88","61",
"USW00094728","2016-05-26","0.00",,"90","69",
"USW00094728","2016-05-27","0.00",,"87","73",
"USW00094728","2016-05-28","0.00",,"92","71",
"USW00094728","2016-05-29","0.00",,"87","70",
"USW00094728","2016-05-30","1.65",,"82","68",
"USW00094728","2016-05-31","0.00",,"85","71",
"USW00094728","2016-06-01","0.00",,"83","66",
"USW00094728","2016-06-02","0.00",,"78","62",
"USW00094728","2016-06-03","0.04",,"70","63",
"USW00094728","2016-06-04","0.40",,"83","66",
"USW00094728","2016-06-05","0.91",,"71","65",
"USW00094728","2016-06-06","0.00",,"83","65",
"USW00094728","2016-06-07","0.00",,"85","64",
"USW00094728","2016-06-08","0.45",,"67","52",
"USW00094728","2016-06-09","0.00",,"71","54",
"USW00094728","2016-06-10","0.00",,"77","57",
"USW00094728","2016-06-11","0.00",,"88","59",
"USW00094728","2016-06-12","0.00",,"83","62",
"USW00094728","2016-06-13","0.00",,"74","57",
"USW00094728","2016-06-14","0.00",,"79","58",
"USW00094728","2016-06-15","0.00",,"85","62",
"USW00094728","2016-06-16","0.22",,"74","65",
"USW00094728","2016-06-17","0.00",,"78","63",
"USW00094728","2016-06-18","0.00",,"87","61",
"USW00094728","2016-06-19","0.00",,"88","66",
"USW00094728","2016-06-20","0.00",,"84","64",
"USW00094728","2016-06-21","0.00",,"87","72",
"USW00094728","2016-06-22","0.00",,"86","68",
"USW00094728","2016-06-23","0.00",,"83","69",
"USW00094728","2016-06-24","0.00",,"84","67",
"USW00094728","2016-06-25","0.00",,"86","64",
"USW00094728","2016-06-26","0.00",,"87","67",
"USW00094728","2016-06-27","0.45",,"83","67",
"USW00094728","2016-06-28","0.12",,"76","68",
"USW00094728","2016-06-29","0.01",,"83","67",
"USW00094728","2016-06-30","0.00",,"85","67",
"USW00094728","2016-07-01","0.83",,"79","66",
"USW00094728","2016-07-02","0.00",,"76","63",
"USW00094728","2016-07-03","0.00",,"78","64",
"USW00094728","2016-07-04","0.49",,"84","66",
"USW00094728","2016-07-05","0.66",,"86","69",
"USW00094728","2016-07-06","0.00",,"91","75",
"USW00094728","2016-07-07","0.04",,"89","77",
"USW00094728","2016-07-08","0.08",,"86","67",
"USW00094728","2016-07-09","0.53",,"72","65",
"USW00094728","2016-07-10","0.00",,"80","66",
"USW00094728","2016-07-11","0.00",,"81","65",
"USW00094728","2016-07-12","0.00",,"82","68",
"USW00094728","2016-07-13","0.00",,"85","71",
"USW00094728","2016-07-14","0.62",,"88","73",
"USW00094728","2016-07-15","0.00",,"88","79",
"USW00094728","2016-07-16","0.00",,"90","75",
"USW00094728","2016-07-17","0.00",,"89","75",
"USW00094728","2016-07-18","0.35",,"93","72",
"USW00094728","2016-07-19","0.00",,"83","73",
"USW00094728","2016-07-20","0.00",,"85","68",
"USW00094728","2016-07-21","0.00",,"90","71",
"USW00094728","2016-07-22","0.00",,"94","74",
"USW00094728","2016-07-23","0.00",,"96","80",
"USW00094728","2016-07-24","0.00",,"94","75",
"USW00094728","2016-07-25","1.00",,"93","73",
"USW00094728","2016-07-26","0.00",,"89","72",
"USW00094728","2016-07-27","0.00",,"91","74",
"USW00094728","2016-07-28","0.00",,"95","75",
"USW00094728","2016-07-29","1.09",,"85","69",
"USW00094728","2016-07-30","0.25",,"84","73",
"USW00094728","2016-07-31","1.08",,"78","71",
"USW00094728","2016-08-01","0.00",,"80","69",
"USW00094728","2016-08-02","0.00",,"79","68",
"USW00094728","2016-08-03","0.00",,"80","66",
"USW00094728","2016-08-04","0.00",,"81","67",
"USW00094728","2016-08-05","0.00",,"83","69",
"USW00094728","2016-08-06","0.05",,"87","72",
"USW00094728","2016-08-07","0.00",,"86","70",
"USW00094728","2016-08-08","0.00",,"86","71",
"USW00094728","2016-08-09","0.00",,"87","71",
"USW00094728","2016-08-10","0.09",,"86","75",
"USW00094728","2016-08-11","0.15",,"91","74",
"USW00094728","2016-08-12","0.32",,"93","73",
"USW00094728","2016-08-13","0.00",,"96","81",
"USW00094728","2016-08-14","0.06",,"94","78",
"USW00094728","2016-08-15","0.00",,"92","77",
"USW00094728","2016-08-16","0.11",,"87","78",
"USW00094728","2016-08-17","0.01",,"85","77",
"USW00094728","2016-08-18","0.03",,"85","72",
"USW00094728","2016-08-19","0.01",,"88","74",
"USW00094728","2016-08-20","0.82",,"83","70",
"USW00094728","2016-08-21","0.31",,"86","73",
"USW00094728","2016-08-22","0.00",,"79","65",
"USW00094728","2016-08-23","0.00",,"82","61",
"USW00094728","2016-08-24","0.00",,"88","68",
"USW00094728","2016-08-25","0.01",,"86","69",
"USW00094728","2016-08-26","0.00",,"90","75",
"USW00094728","2016-08-27","0.00",,"89","73",
"USW00094728","2016-08-28","0.00",,"89","72",
"USW00094728","2016-08-29","0.00",,"91","74",
"USW00094728","2016-08-30","0.00",,"86","69",
"USW00094728","2016-08-31","0.00",,"89","74",
"USW00094728","2016-09-01","0.50",,"79","69",
"USW00094728","2016-09-02","0.00",,"81","66",
"USW00094728","2016-09-03","0.00",,"75","66",
"USW00094728","2016-09-04","0.00",,"80","65",
"USW00094728","2016-09-05","0.00",,"84","65",
"USW00094728","2016-09-06","0.00",,"80","71",
"USW00094728","2016-09-07","0.00",,"85","71",
"USW00094728","2016-09-08","0.00",,"89","71",
"USW00094728","2016-09-09","0.22",,"91","75",
"USW00094728","2016-09-10","0.00",,"90","74",
"USW00094728","2016-09-11","0.00",,"83","67",
"USW00094728","2016-09-12","0.00",,"78","62",
"USW00094728","2016-09-13","0.00",,"83","64",
"USW00094728","2016-09-14","0.56",,"91","67",
"USW00094728","2016-09-15","0.00",,"74","61",
"USW00094728","2016-09-16","0.00",,"73","61",
"USW00094728","2016-09-17","0.00",,"77","59",
"USW00094728","2016-09-18","0.00",,"82","70",
"USW00094728","2016-09-19","0.68",,"76","69",
"USW00094728","2016-09-20","0.00",,"82","68",
"USW00094728","2016-09-21","0.00",,"84","68",
"USW00094728","2016-09-22","0.00",,"86","65",
"USW00094728","2016-09-23","0.01",,"87","64",
"USW00094728","2016-09-24","0.20",,"71","58",
"USW00094728","2016-09-25","0.00",,"70","54",
"USW00094728","2016-09-26","0.00",,"74","54",
"USW00094728","2016-09-27","0.22",,"74","64",
"USW00094728","2016-09-28","0.00",,"69","56",
"USW00094728","2016-09-29","0.00",,"64","57",
"USW00094728","2016-09-30","0.40",,"59","56",
"USW00094728","2016-10-01","0.00",,"62","56",
"USW00094728","2016-10-02","0.00",,"63","57",
"USW00094728","2016-10-03","0.00",,"72","60",
"USW00094728","2016-10-04","0.00",,"69","60",
"USW00094728","2016-10-05","0.00",,"67","53",
"USW00094728","2016-10-06","0.00",,"73","55",
"USW00094728","2016-10-07","0.00",,"75","57",
"USW00094728","2016-10-08","0.23",,"68","58",
"USW00094728","2016-10-09","0.55",,"65","51",
"USW00094728","2016-10-10","0.00",,"64","47",
"USW00094728","2016-10-11","0.00",,"63","46",
"USW00094728","2016-10-12","0.00",,"66","53",
"USW00094728","2016-10-13","0.00",,"67","53",
"USW00094728","2016-10-14","0.00",,"62","47",
"USW00094728","2016-10-15","0.00",,"65","45",
"USW00094728","2016-10-16","0.00",,"69","53",
"USW00094728","2016-10-17","0.00",,"81","63",
"USW00094728","2016-10-18","0.00",,"81","67",
"USW00094728","2016-10-19","0.00",,"85","65",
"USW00094728","2016-10-20","0.00",,"70","62",
"USW00094728","2016-10-21","1.11",,"69","57",
"USW00094728","2016-10-22","0.29",,"57","47",
"USW00094728","2016-10-23","0.00",,"61","45",
"USW00094728","2016-10-24","0.00",,"62","47",
"USW00094728","2016-10-25","0.00",,"52","43",
"USW00094728","2016-10-26","0.00",,"51","38",
"USW00094728","2016-10-27","1.41",,"55","40",
"USW00094728","2016-10-28","0.00",,"51","42",
"USW00094728","2016-10-29","0.00",,"64","39",
"USW00094728","2016-10-30","0.56",,"76","54",
"USW00094728","2016-10-31","0.00",,"54","44",
"USW00094728","2016-11-01","0.00",,"58","40",
"USW00094728","2016-11-02","0.00",,"70","54",
"USW00094728","2016-11-03","0.00",,"72","57",
"USW00094728","2016-11-04","0.00",,"61","47",
"USW00094728","2016-11-05","0.00",,"62","44",
"USW00094728","2016-11-06","0.00",,"59","45",
"USW00094728","2016-11-07","0.00",,"53","41",
"USW00094728","2016-11-08","0.00",,"66","41",
"USW00094728","2016-11-09","0.06",,"59","49",
"USW00094728","2016-11-10","0.00",,"56","40",
"USW00094728","2016-11-11","0.00",,"63","41",
"USW00094728","2016-11-12","0.00",,"50","37",
"USW00094728","2016-11-13","0.00",,"61","41",
"USW00094728","2016-11-14","0.00",,"62","46",
"USW00094728","2016-11-15","1.81",,"56","47",
"USW00094728","2016-11-16","0.00",,"61","45",
"USW00094728","2016-11-17","0.00",,"61","49",
"USW00094728","2016-11-18","0.00",,"64","44",
"USW00094728","2016-11-19","0.25",,"63","37",
"USW00094728","2016-11-20","0.31",,"42","34",
"USW00094728","2016-11-21","0.00",,"41","36",
"USW00094728","2016-11-22","0.00",,"41","37",
"USW00094728","2016-11-23","0.00",,"45","35",
"USW00094728","2016-11-24","0.03",,"48","38",
"USW00094728","2016-11-25","0.02",,"54","45",
"USW00094728","2016-11-26","0.00",,"50","40",
"USW00094728","2016-11-27","0.00",,"50","39",
"USW00094728","2016-11-28","0.00",,"52","38",
"USW00094728","2016-11-29","2.20",,"60","51",
"USW00094728","2016-11-30","0.73",,"58","50",
"USW00094728","2016-12-01","0.07",,"54","42",
"USW00094728","2016-12-02","0.00",,"51","40",
"USW00094728","2016-12-03","0.00",,"47","41",
"USW00094728","2016-12-04","0.00",,"47","39",
"USW00094728","2016-12-05","0.19",,"49","38",
"USW00094728","2016-12-06","0.35",,"46","37",
"USW00094728","2016-12-07","0.09",,"46","40",
"USW00094728","2016-12-08","0.00",,"45","35",
"USW00094728","2016-12-09","0.00",,"39","29",
"USW00094728","2016-12-10","0.00",,"35","28",
"USW00094728","2016-12-11","0.03",,"35","28",
"USW00094728","2016-12-12","0.50",,"46","34",
"USW00094728","2016-12-13","0.00",,"43","35",
"USW00094728","2016-12-14","0.00",,"42","34",
"USW00094728","2016-12-15","0.00",,"34","19",
"USW00094728","2016-12-16","0.00",,"27","17",
"USW00094728","2016-12-17","0.73",,"39","24",
"USW00094728","2016-12-18","0.04",,"58","31",
"USW00094728","2016-12-19","0.00",,"31","23",
"USW00094728","2016-12-20","0.00",,"33","20",
"USW00094728","2016-12-21","0.00",,"40","30",
"USW00094728","2016-12-22","0.00",,"49","37",
"USW00094728","2016-12-23","0.00",,"47","38",
"USW00094728","2016-12-24","0.47",,"47","38",
"USW00094728","2016-12-25","0.00",,"50","36",
"USW00094728","2016-12-26","0.02",,"50","33",
"USW00094728","2016-12-27","0.00",,"60","40",
"USW00094728","2016-12-28","0.00",,"40","34",
"USW00094728","2016-12-29","0.39",,"46","33",
"USW00094728","2016-12-30","0.01",,"40","33",
"USW00094728","2016-12-31","0.00",,"44","31",
"USW00094728","2017-01-01","0.00",,"48","40",
"USW00094728","2017-01-02","0.21",,"41","37",
"USW00094728","2017-01-03","0.58",,"43","39",
"USW00094728","2017-01-04","0.00",,"52","34",
"USW00094728","2017-01-05","0.00",,"34","27",
"USW00094728","2017-01-06","0.05",,"33","25",
"USW00094728","2017-01-07","0.32",,"26","20",
"USW00094728","2017-01-08","0.00",,"25","16",
"USW00094728","2017-01-09","0.00",,"23","14",
"USW00094728","2017-01-10","0.00",,"46","21",
"USW00094728","2017-01-11","0.52",,"52","42",
"USW00094728","2017-01-12","0.05",,"66","47",
"USW00094728","2017-01-13","0.00",,"62","32",
"USW00094728","2017-01-14","0.12",,"34","28",
"USW00094728","2017-01-15","0.00",,"38","30",
"USW00094728","2017-01-16","0.00",,"43","30",
"USW00094728","2017-01-17","0.35",,"42","38",
"USW00094728","2017-01-18","0.06",,"41","38",
"USW00094728","2017-01-19","0.00",,"49","39",
"USW00094728","2017-01-20","0.10",,"45","40",
"USW00094728","2017-01-21","0.00",,"49","41",
"USW00094728","2017-01-22","0.05",,"48","43",
"USW00094728","2017-01-23","1.16",,"44","36",
"USW00094728","2017-01-24","1.18",,"38","35",
"USW00094728","2017-01-25","0.00",,"51","36",
"USW00094728","2017-01-26","0.02",,"56","43",
"USW00094728","2017-01-27","0.00",,"43","36",
"USW00094728","2017-01-28","0.00",,"39","34",
"USW00094728","2017-01-29","0.00",,"43","35",
"USW00094728","2017-01-30","0.00",,"37","30",
"USW00094728","2017-01-31","0.06",,"34","26",
"USW00094728","2017-02-01","0.00",,"47","33",
"USW00094728","2017-02-02","0.00",,"45","32",
"USW00094728","2017-02-03","0.00",,"33","26",
"USW00094728","2017-02-04","0.00",,"34","22",
"USW00094728","2017-02-05","0.00",,"43","31",
"USW00094728","2017-02-06","0.00",,"49","36",
"USW00094728","2017-02-07","0.27",,"42","36",
"USW00094728","2017-02-08","0.03",,"62","38",
"USW00094728","2017-02-09","1.16",,"44","19",
"USW00094728","2017-02-10","0.00",,"32","19",
"USW00094728","2017-02-11","0.00",,"48","30",
"USW00094728","2017-02-12","0.46",,"40","30",
"USW00094728","2017-02-13","0.02",,"39","31",
"USW00094728","2017-02-14","0.00",,"41","28",
"USW00094728","2017-02-15","0.00",,"47","35",
"USW00094728","2017-02-16","0.00",,"35","28",
"USW00094728","2017-02-17","0.00",,"41","26",
"USW00094728","2017-02-18","0.00",,"63","35",
"USW00094728","2017-02-19","0.00",,"65","53",
"USW00094728","2017-02-20","0.00",,"55","39",
"USW00094728","2017-02-21","0.00",,"47","34",
"USW00094728","2017-02-22","0.00",,"57","42",
"USW00094728","2017-02-23","0.00",,"65","44",
"USW00094728","2017-02-24","0.00",,"70","58",
"USW00094728","2017-02-25","0.54",,"63","44",
"USW00094728","2017-02-26","0.00",,"44","36",
"USW00094728","2017-02-27","0.00",,"54","35",
"USW00094728","2017-02-28","0.00",,"59","47",
"USW00094728","2017-03-01","0.12",,"70","54",
"USW00094728","2017-03-02","0.00",,"64","35",
"USW00094728","2017-03-03","0.00",,"39","24",
"USW00094728","2017-03-04","0.00",,"30","17",
"USW00094728","2017-03-05","0.00",,"37","14",
"USW00094728","2017-03-06","0.00",,"45","26",
"USW00094728","2017-03-07","0.10",,"56","42",
"USW00094728","2017-03-08","0.02",,"59","47",
"USW00094728","2017-03-09","0.00",,"61","47",
"USW00094728","2017-03-10","0.31",,"47","23",
"USW00094728","2017-03-11","0.00",,"29","17",
"USW00094728","2017-03-12","0.00",,"29","19",
"USW00094728","2017-03-13","0.00",,"36","20",
"USW00094728","2017-03-14","1.97",,"32","21",
"USW00094728","2017-03-15","0.00",,"26","20",
"USW00094728","2017-03-16","0.00",,"39","24",
"USW00094728","2017-03-17","0.00",,"47","29",
"USW00094728","2017-03-18","0.08",,"39","34",
"USW00094728","2017-03-19","0.00",,"47","34",
"USW00094728","2017-03-20","0.00",,"52","33",
"USW00094728","2017-03-21","0.00",,"59","42",
"USW00094728","2017-03-22","0.00",,"50","24",
"USW00094728","2017-03-23","0.00",,"42","23",
"USW00094728","2017-03-24","0.00",,"57","36",
"USW00094728","2017-03-25","0.01",,"62","42",
"USW00094728","2017-03-26","0.14",,"42","37",
"USW00094728","2017-03-27","0.26",,"53","37",
"USW00094728","2017-03-28","0.72",,"46","41",
"USW00094728","2017-03-29","0.00",,"60","42",
"USW00094728","2017-03-30","0.01",,"52","38",
"USW00094728","2017-03-31","1.51",,"43","37",
"USW00094728","2017-04-01","0.00",,"48","37",
"USW00094728","2017-04-02","0.00",,"63","40",
"USW00094728","2017-04-03","0.03",,"63","48",
"USW00094728","2017-04-04","1.18",,"51","45",
"USW00094728","2017-04-05","0.00",,"65","45",
"USW00094728","2017-04-06","0.73",,"53","40",
"USW00094728","2017-04-07","0.00",,"51","40",
"USW00094728","2017-04-08","0.00",,"57","40",
"USW00094728","2017-04-09","0.00",,"67","45",
"USW00094728","2017-04-10","0.00",,"74","53",
"USW00094728","2017-04-11","0.00",,"80","61",
"USW00094728","2017-04-12","0.02",,"76","58",
"USW00094728","2017-04-13","0.00",,"65","48",
"USW00094728","2017-04-14","0.00",,"66","48",
"USW00094728","2017-04-15","0.00",,"65","51",
"USW00094728","2017-04-16","0.00",,"87","59",
"USW00094728","2017-04-17","0.00",,"74","58",
"USW00094728","2017-04-18","0.00",,"65","47",
"USW00094728","2017-04-19","0.00",,"54","45",
"USW00094728","2017-04-20","0.17",,"66","50",
"USW00094728","2017-04-21","0.29",,"53","48",
"USW00094728","2017-04-22","0.11",,"57","49",
"USW00094728","2017-04-23","0.00",,"66","46",
"USW00094728","2017-04-24","0.00",,"60","48",
"USW00094728","2017-04-25","0.91",,"54","49",
"USW00094728","2017-04-26","0.34",,"60","53",
"USW00094728","2017-04-27","0.00",,"70","57",
"USW00094728","2017-04-28","0.00",,"85","58",
"USW00094728","2017-04-29","0.06",,"85","64",
"USW00094728","2017-04-30","0.00",,"67","52",
"USW00094728","2017-05-01","0.00",,"74","49",
"USW00094728","2017-05-02","0.00",,"75","62",
"USW00094728","2017-05-03","0.00",,"65","51",
"USW00094728","2017-05-04","0.00",,"64","47",
"USW00094728","2017-05-05","3.02",,"59","51",
"USW00094728","2017-05-06","0.18",,"67","52",
"USW00094728","2017-05-07","0.01",,"56","47",
"USW00094728","2017-05-08","0.00",,"57","44",
"USW00094728","2017-05-09","0.00",,"63","47",
"USW00094728","2017-05-10","0.00",,"63","49",
"USW00094728","2017-05-11","0.00",,"62","51",
"USW00094728","2017-05-12","0.00",,"65","48",
"USW00094728","2017-05-13","1.61",,"53","45",
"USW00094728","2017-05-14","0.02",,"67","46",
"USW00094728","2017-05-15","0.00",,"68","53",
"USW00094728","2017-05-16","0.00",,"79","56",
"USW00094728","2017-05-17","0.00",,"90","65",
"USW00094728","2017-05-18","0.00",,"92","75",
"USW00094728","2017-05-19","0.00",,"91","66",
"USW00094728","2017-05-20","0.01",,"65","55",
"USW00094728","2017-05-21","0.00",,"69","52",
"USW00094728","2017-05-22","0.59",,"61","53",
"USW00094728","2017-05-23","0.00",,"69","56",
"USW00094728","2017-05-24","0.04",,"69","56",
"USW00094728","2017-05-25","0.58",,"59","56",
"USW00094728","2017-05-26","0.10",,"73","56",
"USW00094728","2017-05-27","0.00",,"71","59",
"USW00094728","2017-05-28","0.00",,"71","58",
"USW00094728","2017-05-29","0.13",,"61","56",
"USW00094728","2017-05-30","0.06",,"60","55",
"USW00094728","2017-05-31","0.03",,"75","58",
"USW00094728","2017-06-01","0.00",,"79","59",
"USW00094728","2017-06-02","0.01",,"76","57",
"USW00094728","2017-06-03","0.01",,"73","55",
"USW00094728","2017-06-04","0.09",,"70","56",
"USW00094728","2017-06-05","0.02",,"67","58",
"USW00094728","2017-06-06","0.06",,"58","52",
"USW00094728","2017-06-07","0.00",,"67","51",
"USW00094728","2017-06-08","0.00",,"69","55",
"USW00094728","2017-06-09","0.00",,"80","53",
"USW00094728","2017-06-10","0.00",,"85","66",
"USW00094728","2017-06-11","0.00",,"90","72",
"USW00094728","2017-06-12","0.00",,"93","76",
"USW00094728","2017-06-13","0.00",,"94","77",
"USW00094728","2017-06-14","0.29",,"84","69",
"USW00094728","2017-06-15","0.00",,"76","64",
"USW00094728","2017-06-16","0.00",,"68","63",
"USW00094728","2017-06-17","1.39",,"74","66",
"USW00094728","2017-06-18","0.00",,"85","70",
"USW00094728","2017-06-19","1.35",,"88","70",
"USW00094728","2017-06-20","0.03",,"83","71",
"USW00094728","2017-06-21","0.00",,"83","71",
"USW00094728","2017-06-22","0.00",,"83","68",
"USW00094728","2017-06-23","0.04",,"83","76",
"USW00094728","2017-06-24","1.29",,"84","71",
"USW00094728","2017-06-25","0.00",,"83","68",
"USW00094728","2017-06-26","0.00",,"79","64",
"USW00094728","2017-06-27","0.18",,"77","60",
"USW00094728","2017-06-28","0.00",,"78","61",
"USW00094728","2017-06-29","0.00",,"82","68",
"USW00094728","2017-06-30","0.00",,"88","73",
"USW00094728","2017-07-01","0.23",,"85","71",
"USW00094728","2017-07-02","0.00",,"87","72",
"USW00094728","2017-07-03","0.45",,"88","71",
"USW00094728","2017-07-04","0.00",,"85","70",
"USW00094728","2017-07-05","0.00",,"85","70",
"USW00094728","2017-07-06","0.00",,"77","71",
"USW00094728","2017-07-07","1.78",,"80","68",
"USW00094728","2017-07-08","0.00",,"84","69",
"USW00094728","2017-07-09","0.00",,"81","67",
"USW00094728","2017-07-10","0.00",,"84","68",
"USW00094728","2017-07-11","0.00",,"85","75",
"USW00094728","2017-07-12","0.00",,"88","77",
"USW00094728","2017-07-13","0.00",,"90","73",
"USW00094728","2017-07-14","0.35",,"73","65",
"USW00094728","2017-07-15","0.00",,"84","68",
"USW00094728","2017-07-16","0.00",,"87","68",
"USW00094728","2017-07-17","0.00",,"85","73",
"USW00094728","2017-07-18","0.00",,"88","73",
"USW00094728","2017-07-19","0.00",,"92","77",
"USW00094728","2017-07-20","0.01",,"94","77",
"USW00094728","2017-07-21","0.00",,"92","76",
"USW00094728","2017-07-22","0.57",,"92","71",
"USW00094728","2017-07-23","0.06",,"79","71",
"USW00094728","2017-07-24","0.74",,"73","63",
"USW00094728","2017-07-25","0.00",,"71","62",
"USW00094728","2017-07-26","0.00",,"77","65",
"USW00094728","2017-07-27","0.00",,"78","65",
"USW00094728","2017-07-28","0.00",,"85","71",
"USW00094728","2017-07-29","0.00",,"77","67",
"USW00094728","2017-07-30","0.00",,"82","64",
"USW00094728","2017-07-31","0.00",,"88","66",
"USW00094728","2017-08-01","0.00",,"92","71",
"USW00094728","2017-08-02","0.09",,"86","69",
"USW00094728","2017-08-03","0.00",,"87","68",
"USW00094728","2017-08-04","0.15",,"84","69",
"USW00094728","2017-08-05","0.30",,"78","69",
"USW00094728","2017-08-06","0.00",,"76","64",
"USW00094728","2017-08-07","0.76",,"71","64",
"USW00094728","2017-08-08","0.00",,"78","65",
"USW00094728","2017-08-09","0.00",,"85","64",
"USW00094728","2017-08-10","0.00",,"83","68",
"USW00094728","2017-08-11","0.00",,"82","69",
"USW00094728","2017-08-12","0.11",,"77","64",
"USW00094728","2017-08-13","0.00",,"83","71",
"USW00094728","2017-08-14","0.00",,"80","70",
"USW00094728","2017-08-15","0.45",,"74","68",
"USW00094728","2017-08-16","0.00",,"87","70",
"USW00094728","2017-08-17","0.00",,"83","69",
"USW00094728","2017-08-18","0.88",,"82","73",
"USW00094728","2017-08-19","0.00",,"86","73",
"USW00094728","2017-08-20","0.00",,"81","69",
"USW00094728","2017-08-21","0.00",,"87","71",
"USW00094728","2017-08-22","0.30",,"89","72",
"USW00094728","2017-08-23","0.00",,"81","70",
"USW00094728","2017-08-24","0.00",,"80","65",
"USW00094728","2017-08-25","0.00",,"78","63",
"USW00094728","2017-08-26","0.00",,"78","62",
"USW00094728","2017-08-27","0.00",,"78","63",
"USW00094728","2017-08-28","0.00",,"76","63",
"USW00094728","2017-08-29","0.29",,"68","61",
"USW00094728","2017-08-30","0.01",,"78","60",
"USW00094728","2017-08-31","0.00",,"81","64",
"USW00094728","2017-09-01","0.00",,"71","55",
"USW00094728","2017-09-02","0.53",,"68","54",
"USW00094728","2017-09-03","0.74",,"69","59",
"USW00094728","2017-09-04","0.00",,"80","61",
"USW00094728","2017-09-05","0.00",,"85","69",
"USW00094728","2017-09-06","0.42",,"72","61",
"USW00094728","2017-09-07","0.01",,"71","59",
"USW00094728","2017-09-08","0.00",,"71","58",
"USW00094728","2017-09-09","0.00",,"70","55",
"USW00094728","2017-09-10","0.00",,"72","57",
"USW00094728","2017-09-11","0.00",,"76","55",
"USW00094728","2017-09-12","0.00",,"78","59",
"USW00094728","2017-09-13","0.06",,"83","64",
"USW00094728","2017-09-14","0.02",,"81","70",
"USW00094728","2017-09-15","0.00",,"81","67",
"USW00094728","2017-09-16","0.00",,"82","70",
"USW00094728","2017-09-17","0.00",,"81","68",
"USW00094728","2017-09-18","0.00",,"73","68",
"USW00094728","2017-09-19","0.22",,"78","69",
"USW00094728","2017-09-20","0.00",,"79","71",
"USW00094728","2017-09-21","0.00",,"80","71",
"USW00094728","2017-09-22","0.00",,"82","66",
"USW00094728","2017-09-23","0.00",,"87","68",
"USW00094728","2017-09-24","0.00",,"91","69",
"USW00094728","2017-09-25","0.00",,"88","70",
"USW00094728","2017-09-26","0.00",,"84","68",
"USW00094728","2017-09-27","0.00",,"87","69",
"USW00094728","2017-09-28","0.00",,"79","59",
"USW00094728","2017-09-29","0.00",,"68","55",
"USW00094728","2017-09-30","0.00",,"66","54",
"USW00094728","2017-10-01","0.00",,"68","50",
"USW00094728","2017-10-02","0.00",,"73","52",
"USW00094728","2017-10-03","0.00",,"71","57",
"USW00094728","2017-10-04","0.00",,"75","56",
"USW00094728","2017-10-05","0.00",,"83","65",
"USW00094728","2017-10-06","0.00",,"82","68",
"USW00094728","2017-10-07","0.00",,"81","66",
"USW00094728","2017-10-08","0.22",,"77","72",
"USW00094728","2017-10-09","0.26",,"77","71",
"USW00094728","2017-10-10","0.00",,"81","66",
"USW00094728","2017-10-11","0.06",,"77","60",
"USW00094728","2017-10-12","0.07",,"64","55",
"USW00094728","2017-10-13","0.00",,"67","52",
"USW00094728","2017-10-14","0.08",,"72","61",
"USW00094728","2017-10-15","0.00",,"74","65",
"USW00094728","2017-10-16","0.01",,"69","46",
"USW00094728","2017-10-17","0.00",,"58","42",
"USW00094728","2017-10-18","0.00",,"72","50",
"USW00094728","2017-10-19","0.00",,"71","56",
"USW00094728","2017-10-20","0.00",,"73","57",
"USW00094728","2017-10-21","0.00",,"78","56",
"USW00094728","2017-10-22","0.00",,"76","57",
"USW00094728","2017-10-23","0.00",,"74","61",
"USW00094728","2017-10-24","0.20",,"74","67",
"USW00094728","2017-10-25","0.00",,"67","57",
"USW00094728","2017-10-26","0.00",,"58","50",
"USW00094728","2017-10-27","0.00",,"62","47",
"USW00094728","2017-10-28","0.00",,"69","55",
"USW00094728","2017-10-29","3.03",,"67","60",
"USW00094728","2017-10-30","0.25",,"61","46",
"USW00094728","2017-10-31","0.00",,"57","45",
"USW00094728","2017-11-01","0.00",,"59","43",
"USW00094728","2017-11-02","0.00",,"72","58",
"USW00094728","2017-11-03","0.00",,"74","51",
"USW00094728","2017-11-04","0.00",,"56","46",
"USW00094728","2017-11-05","0.02",,"61","51",
"USW00094728","2017-11-06","0.01",,"66","46",
"USW00094728","2017-11-07","0.70",,"49","40",
"USW00094728","2017-11-08","0.00",,"49","39",
"USW00094728","2017-11-09","0.00",,"55","39",
"USW00094728","2017-11-10","0.01",,"51","25",
"USW00094728","2017-11-11","0.00",,"38","24",
"USW00094728","2017-11-12","0.00",,"46","32",
"USW00094728","2017-11-13","0.07",,"47","39",
"USW00094728","2017-11-14","0.00",,"48","35",
"USW00094728","2017-11-15","0.00",,"51","37",
"USW00094728","2017-11-16","0.20",,"57","43",
"USW00094728","2017-11-17","0.00",,"47","37",
"USW00094728","2017-11-18","0.10",,"56","34",
"USW00094728","2017-11-19","0.23",,"59","38",
"USW00094728","2017-11-20","0.00",,"47","36",
"USW00094728","2017-11-21","0.00",,"58","42",
"USW00094728","2017-11-22","0.21",,"56","35",
"USW00094728","2017-11-23","0.00",,"43","31",
"USW00094728","2017-11-24","0.00",,"50","35",
"USW00094728","2017-11-25","0.00",,"57","43",
"USW00094728","2017-11-26","0.00",,"51","40",
"USW00094728","2017-11-27","0.00",,"51","39",
"USW00094728","2017-11-28","0.00",,"54","36",
"USW00094728","2017-11-29","0.00",,"63","42",
"USW00094728","2017-11-30","0.03",,"53","38",
"USW00094728","2017-12-01","0.00",,"52","42",
"USW00094728","2017-12-02","0.00",,"48","39",
"USW00094728","2017-12-03","0.00",,"48","42",
"USW00094728","2017-12-04","0.00",,"51","40",
"USW00094728","2017-12-05","0.75",,"61","50",
"USW00094728","2017-12-06","0.00",,"59","40",
"USW00094728","2017-12-07","0.00",,"44","37",
"USW00094728","2017-12-08","0.00",,"39","34",
"USW00094728","2017-12-09","0.46",,"35","30",
"USW00094728","2017-12-10","0.00",,"39","29",
"USW00094728","2017-12-11","0.00",,"41","33",
"USW00094728","2017-12-12","0.00",,"50","29",
"USW00094728","2017-12-13","0.00",,"31","20",
"USW00094728","2017-12-14","0.09",,"32","22",
"USW00094728","2017-12-15","0.11",,"28","20",
"USW00094728","2017-12-16","0.00",,"39","23",
"USW00094728","2017-12-17","0.00",,"38","32",
"USW00094728","2017-12-18","0.02",,"47","34","    0"
"USW00094728","2017-12-19","0.00",,"55","45",
"USW00094728","2017-12-20","0.00",,"51","34",
"USW00094728","2017-12-21","0.00",,"39","32",
"USW00094728","2017-12-22","0.00",,"50","35",
"USW00094728","2017-12-23","0.49",,"48","38",
"USW00094728","2017-12-24","0.01",,"41","36",
"USW00094728","2017-12-25","0.23",,"38","28",
"USW00094728","2017-12-26","0.00",,"28","23",
"USW00094728","2017-12-27","0.00",,"24","17",
"USW00094728","2017-12-28","0.00",,"18","11",
"USW00094728","2017-12-29","0.00",,"22","11",
"USW00094728","2017-12-30","0.05",,"23","17",
"USW00094728","2017-12-31","0.00",,"21","9",
"USW00094728","2018-01-01","0.00",,"19","7",
"USW00094728","2018-01-02","0.00",,"26","13",
"USW00094728","2018-01-03","0.00",,"30","16",
"USW00094728","2018-01-04","0.76",,"29","19",
"USW00094728","2018-01-05","0.00",,"19","9",
"USW00094728","2018-01-06","0.00",,"13","6",
"USW00094728","2018-01-07","0.00",,"18","5",
"USW00094728","2018-01-08","0.01",,"31","17",
"USW00094728","2018-01-09","0.00",,"44","30",
"USW00094728","2018-01-10","0.00",,"43","30",
"USW00094728","2018-01-11","0.00",,"53","41",
"USW00094728","2018-01-12","0.54",,"61","44",
"USW00094728","2018-01-13","0.05",,"58","19",
"USW00094728","2018-01-14","0.00",,"25","15",
"USW00094728","2018-01-15","0.00",,"30","16",
"USW00094728","2018-01-16","0.00",,"36","25",
"USW00094728","2018-01-17","0.19",,"36","22",
"USW00094728","2018-01-18","0.00",,"32","18",
"USW00094728","2018-01-19","0.00",,"41","24",
"USW00094728","2018-01-20","0.00",,"52","38",
"USW00094728","2018-01-21","0.00",,"50","42",
"USW00094728","2018-01-22","0.01",,"49","38",
"USW00094728","2018-01-23","0.30",,"60","38",
"USW00094728","2018-01-24","0.00",,"44","27",
"USW00094728","2018-01-25","0.00",,"34","23",
"USW00094728","2018-01-26","0.00",,"38","26",
"USW00094728","2018-01-27","0.00",,"56","35",
"USW00094728","2018-01-28","0.21",,"55","46",
"USW00094728","2018-01-29","0.00",,"47","35",
"USW00094728","2018-01-30","0.11",,"36","24",
"USW00094728","2018-01-31","0.00",,"33","18",
"USW00094728","2018-02-01","0.05",,"45","32",
"USW00094728","2018-02-02","0.18",,"41","17",
"USW00094728","2018-02-03","0.00",,"31","16",
"USW00094728","2018-02-04","0.96",,"46","30",
"USW00094728","2018-02-05","0.00",,"40","26",
"USW00094728","2018-02-06","0.00",,"37","26",
"USW00094728","2018-02-07","0.85",,"45","30",
